coordinate,observed,sigma,included,reference motif.calculated,reference motif.residual,oxygen-shift candidate.calculated,oxygen-shift candidate.residual
18.0,4.52,2.1260291625469296,1,4.004926334192069,0.5150736658079307,3.997168638343975,0.5228313616560247
18.08,4.5212,2.1263113600787635,1,4.014483453165878,0.5067165468341219,4.006660281789368,0.5145397182106324
18.16,4.5224,2.126593520163174,1,4.025512946199502,0.49688705380049836,4.017612278789777,0.5047877212102234
18.24,4.5236,2.126875642815066,1,4.038434136610483,0.4851658633895175,4.030440522824476,0.49315947717552433
18.32,4.5248,2.127157728049333,1,4.053831561098393,0.47096843890160667,4.045724770335537,0.47907522966446336
18.4,4.526,2.127439775880859,1,4.072540656652664,0.45345934334733595,4.0642936288291205,0.4617063711708793
18.48,4.5272,2.1277217863245186,1,4.0957903797615565,0.4314096202384432,4.087366014548519,0.43983398545148056
18.56,4.5283999999999995,2.1280037593951753,1,4.125450508218394,0.4029494917816052,4.116796443637449,0.4116035563625502
18.64,4.5296,2.1282856951076847,1,4.164481598161407,0.36511840183859334,4.1555213389639425,0.3740786610360578
18.72,4.5308,2.12856759347689,1,4.217802012825331,0.3129979871746693,4.208419045542829,0.32238095445717097
18.8,4.532,2.1288494545176273,1,4.294079186163771,0.23792081383622943,4.284086660997014,0.24791333900298618
18.88,4.5332,2.129131278244721,1,4.409764912462213,0.12343508753778654,4.398842986501535,0.13435701349846507
18.96,4.5344,2.1294130646729865,1,4.599248953472082,-0.0648489534720822,4.586801408740003,-0.05240140874000332
19.04,4.535600001011089,2.1296948140546075,1,4.944441419585317,-0.4088414185742284,4.92922004105579,-0.3936200400447012
19.12,4.536944497252862,2.13001044533891,1,5.680650478502631,-1.1437059812497692,5.659562024590677,-1.1226175273378152
19.2,5.131822020999032,2.2653525158347945,1,8.307721467556718,-3.1758994465576853,8.262407304379227,-3.130585283380195
19.28,74.71371651619127,8.643709650155497,1,79.85745065598873,-5.143734139797459,79.52773696837345,-4.814020452182177
19.36,243.00778085502841,15.588706837163512,1,258.9879723709994,-15.980191515970972,258.5383846815402,-15.530603826511793
19.44,27.84423091814083,5.276763299423315,1,15.236508242348389,12.607722675792441,15.179019485797621,12.66521143234321
19.52,4.608279801413795,2.146690429804399,1,5.8142785284610286,-1.2059987270472332,5.795438698489798,-1.187158897076003
19.6,4.544005290980645,2.1316672561590484,1,4.906150779639088,-0.36214548865844254,4.8929885735922065,-0.3489832826115613
19.68,4.5452000000122945,2.131947466522638,1,4.5718721171677466,-0.026672117155452035,4.560783909054912,-0.015583909042617528
19.76,4.5464,2.1322288807724186,1,4.422695110202011,0.1237048897979891,4.412522350868871,0.13387764913112932
19.84,4.5476,2.1325102578885757,1,4.353069756370732,0.19453024362926818,4.343313372824381,0.20428662717561874
19.92,4.5488,2.132791597882925,1,4.326197165613405,0.22260283438659467,4.316586041245335,0.23221395875466477
20.0,4.55,2.1330729007701543,1,4.328165534462796,0.22183446553720376,4.318512867243108,0.23148713275689214
20.08,4.5512,2.1333541665649425,1,4.355217375705798,0.195982624294202,4.345356307827228,0.20584369217277132
20.16,4.5524000000000004,2.1336353952819587,1,4.410350490338513,0.14204950966148733,4.400090222429309,0.1523097775706912
20.240000000000002,4.5536,2.1339165869358623,1,4.504206491600271,0.04939350839972967,4.4932815363088,0.06031846369120064
20.32,4.5548,2.1341977415413034,1,4.660673246943301,-0.10587324694330125,4.648655433450136,-0.0938554334501358
20.4,4.556000000000007,2.1344788591129236,1,4.9331850569640245,-0.3771850569640174,4.919290422902795,-0.36329042290278757
20.48,4.557200018550704,2.1347599440102636,1,5.4550361349618885,-0.8978361164111845,5.437618606705212,-0.8804185881545079
20.56,4.559721892363068,2.13535053149666,1,6.630766522477883,-2.071044630114815,6.605669149668209,-2.0459472573051416
20.64,7.268283157035527,2.6959753628391203,1,12.51040043079945,-5.242117273763923,12.447983717525226,-5.179700560489699
20.72,164.16589210553335,12.81272383630949,1,170.3474683689915,-6.181576263458169,170.1883501971861,-6.022458091652766
20.8,274.996254911898,16.58301103273763,1,271.51611055181064,3.4801443600873654,270.88435293012805,4.111901981769961
20.88,17.73979148064049,4.211863183988826,1,11.7752963045521,5.964495176088391,11.717272237897072,6.022519242743419
20.96,4.582861665761232,2.140761935797914,1,6.117371735978498,-1.5345100702172658,6.097370882765823,-1.5145092170045906
21.04,4.565600743815303,2.1367266422767566,1,5.090484832498138,-0.5248840886828354,5.076792975461453,-0.5111922316461506
21.12,4.566800000000861,2.137007253146526,1,4.678966210838798,-0.11216621083793665,4.667720013740268,-0.1009200137394064
21.2,4.568,2.1372880011828075,1,4.476693108706853,0.09130689129314629,4.466623358237054,0.10137664176294603
21.28,4.5692,2.1375687123458746,1,4.3646877362712555,0.20451226372874487,4.355257780745229,0.21394221925477108
21.36,4.5704,2.137849386650051,1,4.298309570778875,0.2720904292211248,4.289250827924815,0.2811491720751853
21.44,4.5716,2.138130024109853,1,4.258005317729004,0.3135946822709963,4.249164117366415,0.32243588263358536
21.52,4.5728,2.1384106247397856,1,4.2344306855574825,0.3383693144425175,4.225706675531754,0.34709332446824614
21.6,4.574,2.1386911885543456,1,4.223183083559559,0.3508169164404409,4.214499155222927,0.3595008447770729
21.68,4.5752,2.13897171556802,1,4.222952523209619,0.3522474767903807,4.214234938401742,0.36096506159825736
21.76,4.5764,2.1392522057952865,1,4.235514656398436,0.3408853436015633,4.226671138076091,0.34972886192390895
21.84,4.577600000007728,2.1395326592524193,1,4.268144533238569,0.30945546676915914,4.259022428982669,0.31857757102505957
21.92,4.578802264282404,2.1398136050325514,1,4.343391631468286,0.23541063281411834,4.333660261263087,0.24514200301931766
22.0,4.5990766846447295,2.144545799148325,1,4.559055233643297,0.04002145100143295,4.5475087435738635,0.05156794107086604
22.08,9.202898722070305,3.0336279801699986,1,9.202988360136619,-8.963806631356874e-05,9.166323340784393,0.0365753812859122
22.16,36.780243456174084,6.064671751725239,1,37.73834350273523,-0.9581000465611496,37.67158965959156,-0.8913462034174771
22.240000000000002,11.033876918933162,3.3217280019491606,1,7.463854233235685,3.5700226856974764,7.444294584704366,3.589582334228796
22.32,4.621958344550736,2.1498740299261105,1,4.466479442065264,0.1554789024854717,4.456212184908329,0.16574615964240635
22.4,4.586006155463737,2.1414962422249864,1,4.329310372428751,0.25669578303498586,4.319886101976594,0.2661200534871435
22.48,4.587200000029322,2.141774964843254,1,4.292466760433755,0.2947332395955664,4.283246071331954,0.3039539286973678
22.560000000000002,4.5884,2.1420550879937705,1,4.288317960325161,0.30008203967483915,4.2790876402504985,0.30931235974950155
22.64,4.5896,2.142335174523352,1,4.3005497348989845,0.2890502651010154,4.291197388012947,0.2984026119870533
22.72,4.5908,2.1426152244395165,1,4.32464019753515,0.26615980246485016,4.31507871880851,0.27572128119148953
22.8,4.592,2.1428952377566195,1,4.360262375425997,0.23173762457400304,4.350402027917276,0.24159797208272327
22.88,4.5932,2.143175214489007,1,4.409536744474172,0.18366325552582818,4.399267377091065,0.19393262290893531
22.96,4.5944,2.1434551546510137,1,4.477058294496908,0.11734170550309209,4.466229758089533,0.12817024191046755
23.04,4.5956,2.1437350582569668,1,4.571073734756176,0.024526265243824064,4.559465759288546,0.03613424071145399
23.12,4.5968,2.1440149253211835,1,4.706361872639039,-0.1095618726390386,4.693629417903716,-0.09682941790371569
23.2,4.598,2.144294755857972,1,4.910874723561633,-0.3128747235616327,4.896437317730369,-0.29843731773036897
23.28,4.5992,2.144574549881631,1,5.242339892627429,-0.6431398926274294,5.225131389324442,-0.6259313893244425
23.36,4.600400000384946,2.1448543074961863,1,5.835873096033885,-1.2354730956489393,5.813692476014632,-1.213292475629686
23.44,4.601683428900464,2.145153474439641,1,7.070329888164725,-2.468646459264261,7.037806978671398,-2.436123549770934
23.52,5.1227474657420435,2.263348728265718,1,10.678776788952575,-5.556029323210532,10.613185921062035,-5.490438455319992
23.6,97.78531473934345,9.888645748500826,1,98.39289151281825,-0.6075767734748041,97.79795687225219,-0.012642132908737835
23.68,484.8079292723327,22.018354372485078,1,508.9896235997185,-24.181694327385856,507.95002644023276,-23.14209716790009
23.759999999999998,75.76818553688915,8.704492261866234,1,39.570217739634444,36.197967797254705,39.46149721737328,36.30668831951587
23.84,4.91084627247191,2.216042931098563,1,8.454780763451254,-3.5439344909793435,8.41881813970091,-3.507971867229
23.92,4.608837159557014,2.146820243885597,1,6.589209269290309,-1.9803721097332945,6.564574187314973,-1.9557370277579587
24.0,4.610000000829455,2.1470910555515466,1,6.190505365820619,-1.580505364991164,6.167815756446145,-1.5578157556166898
24.08,4.611309677459751,2.1473960225025452,1,6.5734266081154,-1.9621169306556494,6.547165211967014,-1.9358555345072634
24.16,5.10760571259524,2.2600012638481513,1,8.674068100103845,-3.5664623875086052,8.629817311474785,-3.5222115988795446
24.240000000000002,68.90906343060429,8.30114831999792,1,69.79600081260992,-0.8869373820056268,69.51960779491142,-0.6105443643071311
24.32,244.66464960456443,15.641759798838635,1,255.09289155039966,-10.428241945835225,254.50079579798913,-9.836146193424696
24.4,30.3886104141807,5.512586544824552,1,17.734822338703708,12.653788075476992,17.649344732351448,12.739265681829252
24.48,5.862160402636278,2.42118987331359,1,9.910998940391151,-4.048838537754873,9.855601929597217,-3.9934415269609387
24.560000000000002,74.32479918243715,8.621183166041488,1,75.842991411967,-1.518192229529859,75.53134166982065,-1.2065424873835013
24.64,124.51385999768439,11.1585778662733,1,123.9665547229159,0.5473052747684903,123.8311924037224,0.6826675939619946
24.72,10.562576039871445,3.2500116984207064,1,10.25266856762614,0.309907472245305,10.214980765527873,0.34759527434357196
24.8,13.414440274820645,3.6625729036867845,1,16.961113934219814,-3.5466736593991683,16.88333136530247,-3.4688910904818258
24.88,192.1461832923259,13.861680392085438,1,196.08517443698372,-3.9389911446578196,196.0171830246621,-3.8709997323362018
24.96,119.7422808231177,10.94268161024151,1,98.64232329561952,21.099957527498177,98.49249279728527,21.24978802583243
25.04,6.657758096127042,2.5802631835002883,1,7.659263457754285,-1.0015053616272436,7.633742487429512,-0.97598439130247
25.12,4.627831569800662,2.1512395426359805,1,5.592678441786571,-0.9648468719859089,5.577581565201381,-0.9497499954007189
25.2,4.628000015057961,2.151278693023747,1,4.96384916888419,-0.3358491538262287,4.951940905491103,-0.3239408904331418
25.28,4.629200000000006,2.1515575753393184,1,4.678301871453459,-0.049101871453452794,4.667845861167441,-0.03864586116743496
25.36,4.6304,2.1518364250100426,1,4.522648372982878,0.10775162701712215,4.5129916043997955,0.11740839560020433
25.44,4.6316,2.152115238550204,1,4.427559098192749,0.2040409018072511,4.418396950098255,0.213203049901745
25.52,4.6328,2.152394015973841,1,4.3648568315518474,0.26794316844815214,4.35602574061908,0.27677425938091993
25.6,4.634,2.1526727572949866,1,4.321232466170321,0.31276753382967915,4.312635495441011,0.32136450455898924
25.68,4.6352,2.1529514625276622,1,4.289683711474703,0.3455162885252969,4.281259057791084,0.3539409422089159
25.759999999999998,4.6364,2.153230131685882,1,4.266215515635351,0.3701844843646489,4.257921493300269,0.3784785066997314
25.84,4.6376,2.1535087647836497,1,4.248400572020511,0.3891994279794888,4.240207770805927,0.3973922291940726
25.92,4.6388,2.1537873618349606,1,4.23468849170159,0.4041115082984099,4.226575377351253,0.41222462264874693
26.0,4.64,2.1540659228538015,1,4.224048203576146,0.4159517964238537,4.215998502172165,0.4240014978278346
26.08,4.6411999999999995,2.1543444478541494,1,4.215771106328507,0.4254288936714925,4.207772172470606,0.43342782752939346
26.16,4.6424,2.1546229368499725,1,4.209357059592032,0.43304294040796787,4.201398815717924,0.4410011842820767
26.240000000000002,4.6436,2.1549013898552296,1,4.204445488243818,0.4391545117561826,4.196519709949159,0.4470802900508408
26.32,4.6448,2.1551798068838712,1,4.20077223961953,0.44402776038046987,4.192872058117822,0.451927941882178
26.4,4.646,2.1554581879498382,1,4.198141757184639,0.4478582428153608,4.19026130199623,0.45573869800376965
26.48,4.6472,2.155736533067063,1,4.196408703921929,0.4507912960780711,4.188542838111287,0.45865716188871275
26.560000000000002,4.6484,2.1560148422494683,1,4.195465618593209,0.45293438140679054,4.187609735903692,0.46079026409630774
26.64,4.6496,2.156293115510969,1,4.195234556592546,0.454365443407454,4.187384420022773,0.4622155799772276
26.72,4.6508,2.1565713528654693,1,4.195661461741444,0.45513853825855666,4.187813069311961,0.4629869306880394
26.8,4.652,2.156849554326866,1,4.196712495453258,0.4552875045467424,4.188861962681357,0.4631380373186431
26.880000000000003,4.6532,2.157127719909046,1,4.198371853691953,0.4548281463080466,4.190515304488337,0.4626846955116628
26.96,4.6544,2.157405849625888,1,4.200640807655359,0.45375919234464046,4.192774266447952,0.46162573355204817
27.04,4.6556,2.157683943491261,1,4.203537857606258,0.4520621423937419,4.195657135709835,0.4599428642901646
27.12,4.6568000000000005,2.1579620015190257,1,4.207100021931875,0.4496999780681259,4.199200590569259,0.45759940943074184
27.200000000000003,4.658,2.1582400237230335,1,4.211385420647663,0.44661457935233706,4.203462261484367,0.4545377385156337
27.28,4.6592,2.1585180101171266,1,4.216477480749642,0.4427225192503581,4.208524902041588,0.45067509795841243
27.36,4.6604,2.158795960715139,1,4.222491325497573,0.43790867450242743,4.214502727420955,0.4458972725790451
27.439999999999998,4.6616,2.159073875530895,1,4.2295832662925825,0.43201673370741744,4.221550831751284,0.44004916824871554
27.52,4.6628,2.1593517545782115,1,4.237964889223529,0.4248351107764705,4.22987916469809,0.4329208353019096
27.6,4.664,2.159629597870894,1,4.247924190693096,0.41607580930690347,4.239773502441607,0.4242264975583927
27.68,4.6652000000000005,2.1599074054227416,1,4.259857893881915,0.4053421061180851,4.251627512397968,0.4135724876020328
27.759999999999998,4.6664,2.1601851772475436,1,4.274322114518946,0.39207788548105427,4.26599302388956,0.40040697611044074
27.84,4.6676,2.1604629133590794,1,4.292114271765074,0.375485728234926,4.283661299250421,0.3839387007495789
27.92,4.6688,2.1607406137711207,1,4.314410448421796,0.35438955157820384,4.305799319194202,0.36300068080579795
28.0,4.67,2.1610182784974308,1,4.343005935590333,0.32699406440966694,4.3341884417077186,0.3358115582922814
28.08,4.6712,2.161295907551763,1,4.380758746875021,0.29044125312497915,4.371664433203672,0.29953556679632776
28.16,4.6724,2.1615735009478625,1,4.432459662204924,0.2399403377950753,4.422980669285994,0.24941933071400602
28.240000000000002,4.6736,2.1618510586994657,1,4.506673549894788,0.1669264501052128,4.4966349581892775,0.17696504181072292
28.32,4.6748,2.162128580820299,1,4.620024980320854,0.05477501967914655,4.609121392585234,0.06567860741476661
28.4,4.676000000000042,2.162406067324091,1,4.808477260382661,-0.1324772603826192,4.796120581222333,-0.12012058122229075
28.48,4.677200063022878,2.1626835327950498,1,5.162363980220403,-0.48516391719752505,5.147256160575314,-0.4700560975524368
28.560000000000002,4.681164624400378,2.1635999224441607,1,5.964972352578993,-1.2838077281786147,5.9435859299676,-1.262421305567222
28.64,8.166989565844954,2.857794528276124,1,10.477233993119018,-2.310244427274064,10.415815400932043,-2.2488258350870893
28.72,131.18100027609398,11.453427446668266,1,130.73612272998733,0.4448775461066532,130.32906100809114,0.8519392680028375
28.8,136.6316931372189,11.688956032820847,1,125.21636444681285,11.415328690406042,125.02830706322078,11.60338607399811
28.880000000000003,8.640982995424281,2.9395548975013686,1,8.156869461339252,0.48411353408502933,8.127754016320354,0.5132289791039266
28.96,4.687813673604767,2.1651359480653327,1,5.786351929851412,-1.0985382562466448,5.769140240129333,-1.0813265665245657
29.04,4.685600084675434,2.1646246983427484,1,5.338596102239235,-0.652996017563801,5.324249694836502,-0.6386496101610684
29.12,4.686802534619704,2.164902430739017,1,5.337392811766374,-0.6505902771466694,5.323405097956166,-0.6366025633364618
29.200000000000003,4.7122972147522,2.170782627245805,1,5.7343885912172565,-1.022091376465056,5.718954145292461,-1.0066569305402604
29.28,11.386914177929757,3.3744502038005773,1,11.84699556477583,-0.46008138684607225,11.8254649316757,-0.4385507537459432
29.36,57.78167780810867,7.6014260377976886,1,61.2003853542306,-3.4187075461219294,61.37903702303715,-3.597359214928481
29.439999999999998,16.846616833629287,4.104463038404572,1,14.679894403412508,2.1667224302167796,14.670487185894306,2.1761296477349816
29.52,28.98463700987626,5.383738200347065,1,28.2432829115286,0.7413540983476601,28.11532679322638,0.869310216649879
29.6,320.8348966312709,17.91186468883882,1,329.9027150853839,-9.067818454112967,329.52981381328135,-8.694917182010443
29.68,123.39441466319249,11.108303860769766,1,97.82521262640206,25.56920203679043,97.51042207551001,25.883992587682485
29.759999999999998,5.977967405165922,2.4449882218869523,1,8.570274413614392,-2.5923070084484703,8.536202390506798,-2.558234985340876
29.84,4.69799788858791,2.1674865371180303,1,6.045028076667652,-1.3470301880797422,6.026659671777529,-1.3286617831896192
29.92,4.698800003552287,2.167671562657103,1,5.229320579276711,-0.5305205757244238,5.215873670988197,-0.51707366743591
30.0,4.700000000000001,2.1679483388678804,1,4.862742632015684,-0.16274263201568306,4.851467406115214,-0.1514674061152128
30.08,4.7012,2.168225080567052,1,4.667398627202071,0.03380137279792894,4.657267670094701,0.04393232990529938
30.16,4.7024,2.168501786948768,1,4.551367112311448,0.15103288768855183,4.541911676203381,0.16048832379661881
30.240000000000002,4.7036,2.1687784580265452,1,4.477173453848247,0.22642654615175317,4.468149235556022,0.2354507644439776
30.32,4.7048,2.1690550938138937,1,4.427215148264982,0.2775848517350177,4.418482062174479,0.28631793782552073
30.4,4.706,2.169331694324314,1,4.392334352171352,0.3136656478286488,4.383806036990708,0.32219396300929226
30.48,4.7072,2.169608259571299,1,4.367387205395165,0.3398127946048355,4.359007264409931,0.3481927355900689
30.560000000000002,4.7084,2.169884789568331,1,4.349310968865247,0.35908903113475343,4.3410407658318855,0.36735923416811467
30.64,4.7096,2.170161284328886,1,4.336201332769074,0.3733986672309264,4.328013265082557,0.3815867349174429
30.72,4.7108,2.1704377438664304,1,4.326840588481601,0.38395941151839885,4.31871415038387,0.39208584961613013
30.8,4.712,2.1707141681944218,1,4.320444703689728,0.39155529631027175,4.312364050400203,0.399635949599797
30.880000000000003,4.7132000000000005,2.1709905573263097,1,4.316526246399459,0.3966737536005418,4.308478592512909,0.4047214074870915
30.96,4.7144,2.1712669112755347,1,4.314826925613826,0.39957307438617473,4.3068014006132085,0.4075985993867919
31.04,4.7156,2.171543230055529,1,4.315304102256411,0.40029589774358953,4.3072908127553005,0.4083091872446998
31.12,4.7168,2.1718195136797163,1,4.318182704501418,0.3986172954985818,4.310171771789291,0.40662822821070943
31.200000000000003,4.718,2.1720957621615122,1,4.32413454231954,0.39386545768045966,4.316114765080857,0.40188523491914285
31.28,4.719200000000084,2.172371975514342,1,4.334802828863728,0.3843971711363565,4.32675916295951,0.3924408370405743
31.36,4.720400049177203,2.1726481650688876,1,4.354530783616745,0.36586926556045807,4.346438194665104,0.37396185451209973
31.439999999999998,4.722425119199454,2.1731141523627917,1,4.397958195571093,0.3244669236283615,4.389761226467983,0.3326638927314711
31.52,5.1209034864774265,2.2629413351824716,1,4.810383606744348,0.3105198797330786,4.80248448240053,0.3184190040768966
31.6,10.24733890195834,3.2011464980469637,1,10.949995926402336,-0.7026570244439956,10.962858436440555,-0.7155195344822154
31.68,6.928805381368715,2.632262407391922,1,6.240243003492629,0.6885623778760861,6.230367070723533,0.6984383106451819
31.759999999999998,4.751680891177541,2.179835060544155,1,4.491848887309192,0.2598320038683486,4.48338360428631,0.2682972868912312
31.84,4.727608340217112,2.174306404400519,1,4.490434664054654,0.23717367616245788,4.4820043392466395,0.24560400097047275
31.92,4.7288000000839165,2.1745804193186133,1,4.560172891686097,0.16862710839781947,4.551589570234184,0.17721042984973234
32.0,4.730001939280808,2.1748567629342417,1,4.724527131106575,0.005474808174233736,4.715614272569704,0.014387666711104252
32.08,4.75374550820866,2.180308580960195,1,5.153294155466934,-0.3995486472582739,5.1436761274651515,-0.3899306192564911
32.16,12.269526104710216,3.5027883328443092,1,10.967134797918153,1.3023913067920638,10.971602531511351,1.2979235731988652
32.24,77.19020081766286,8.785795400398467,1,82.02549284933454,-4.835292031671685,82.3104811674081,-5.120280349745244
32.32,24.764597220029778,4.976404045094186,1,20.066253233927867,4.698343986101911,20.039410898893415,4.725186321136363
32.4,4.89522144879258,2.2125147341413527,1,5.231963886612201,-0.33674243781962065,5.221616824371424,-0.32639537557884335
32.480000000000004,4.737236395946027,2.1765193304783734,1,4.736797150339956,0.0004392456060715588,4.7276791809639835,0.00955721498204376
32.56,4.738400000239238,2.17678662257908,1,4.5810956930949995,0.15730430714423882,4.572241306542088,0.16615869369715064
32.64,4.7396,2.1770622407271687,1,4.5212012424729044,0.2183987575270958,4.512372143744454,0.22722785625554653
32.72,4.7408,2.1773378240410928,1,4.500938273320856,0.23986172667914385,4.492028669619821,0.24877133038017885
32.8,4.742,2.177613372479146,1,4.502472427586045,0.23952757241395517,4.493408515950609,0.24859148404939102
32.88,4.7432,2.1778888860545664,1,4.51994352402878,0.2232564759712199,4.510651809086349,0.23254819091365064
32.96,4.7444,2.178164364780583,1,4.552796419960012,0.19160358003998734,4.543185619692022,0.20121438030797734
33.04,4.7456,2.1784398086704164,1,4.604287263708497,0.14131273629150254,4.5942285646218,0.15137143537819941
33.120000000000005,4.7468,2.1787152177372793,1,4.682387342837647,0.06441265716235378,4.671682230183342,0.07511776981665808
33.2,4.748,2.178990591994376,1,4.8035059246077125,-0.05550592460771231,4.791822589362293,-0.043822589362292774
33.28,4.749200000000001,2.1792659314549017,1,5.002722113338561,-0.2535221133385601,4.989451499390997,-0.24025149939099588
33.36,4.7504000019325785,2.1795412365753895,1,5.364349501195635,-0.6139494992630565,5.348227106681673,-0.5978271047490944
33.44,4.751830460942316,2.179869367861826,1,6.13368579055876,-1.3818553296164433,6.111576544202404,-1.359746083260088
33.519999999999996,5.543085420397015,2.3543758027122634,1,8.625270831288635,-3.0821854108916202,8.583587579483321,-3.040502159086307
33.6,82.68262773933078,9.092998830932004,1,79.81511916513256,2.867508574198226,79.54003897502675,3.142588764304037
33.68,225.72682514955198,15.024207970790073,1,243.14644404373638,-17.419618894184396,242.48418598678023,-16.757360837228248
33.76,22.77422715751861,4.772235027481212,1,15.507177518802031,7.267049638716578,15.43062527919745,7.343601878321159
33.84,4.804425881392776,2.1919000619081097,1,7.650088952846604,-2.845663071453828,7.61784645783148,-2.8134205764387046
33.92,8.878660933750005,2.979708196073905,1,10.730362445593975,-1.8517015118439701,10.671030688289328,-1.7923697545393225
34.0,111.35112757386288,10.552304372688598,1,110.57049102144056,0.7806365524223224,110.25014433014118,1.1009832437217
34.08,84.06359045160607,9.16861987714651,1,78.90884188978544,5.1547485618206395,78.79896526826894,5.264625183337131
34.16,6.458993985697017,2.541455092205451,1,7.486209021258215,-1.0272150355611984,7.459892978477839,-1.0008989927808223
34.24,4.764643771077,2.1828063979833394,1,6.06081909256954,-1.29617532149254,6.041370474526853,-1.276726703449853
34.32,4.766008099690766,2.183118892706205,1,6.153722530372594,-1.3877144306818279,6.132876035297799,-1.3668679356070328
34.4,6.650039661966493,2.5787670817595165,1,8.579316625257842,-1.9292769632913496,8.536378868877915,-1.8863392069114218
34.480000000000004,89.25818421103465,9.44765495829704,1,86.18605573005087,3.0721284809837783,85.88618909862413,3.3719951124105165
34.56,113.7258973359188,10.664234493667081,1,107.83199162981909,5.893905706099716,107.75462027094913,5.971277064969669
34.64,8.810055162310334,2.9681737082438984,1,7.934285378542631,0.8757697837677032,7.910842989553716,0.8992121727566182
34.72,4.775108537589502,2.185202173161445,1,5.598715155973768,-0.8236066183842654,5.583447413745819,-0.8083388761563173
34.8,4.7720001321161485,2.184490817585679,1,5.130536991675057,-0.35853685955890846,5.117815155752547,-0.3458150236363986
34.879999999999995,4.773200000001656,2.18476543363393,1,4.985814775776699,-0.21261477577504362,4.97386636250606,-0.20066636250440428
34.96,4.7744005147318145,2.185040163185065,1,5.007043044616002,-0.23264252988418743,4.994934307014009,-0.22053379228219416
35.04,4.781231867742379,2.1866028143543534,1,5.2410421741772195,-0.4598103064348402,5.22760443818298,-0.44637257044060075
35.120000000000005,7.165574574851034,2.676859087597073,1,7.465806549821458,-0.30023197497042453,7.443191220872713,-0.2776166460216789
35.2,48.03655354696556,6.930840753253934,1,47.63930981439561,0.3972437325699474,47.64190053819279,0.39465300877276377
35.28,35.110309693474015,5.925395319594636,1,32.835823092077014,2.274486601397001,32.79588814017129,2.314421553302722
35.36,24.70679907459609,4.970593432840398,1,26.928689993311668,-2.2218909187155766,26.81884542294284,-2.112046348346748
35.44,16.5403472508422,4.066982573215946,1,15.845925553755078,0.6944216970871206,15.746061365037823,0.794285885804376
35.519999999999996,4.988949208556354,2.2335955785585613,1,5.65391235535359,-0.6649631467972359,5.634917677344147,-0.6459684687877925
35.6,4.784108246355577,2.1872604431927116,1,5.799254102030063,-1.0151458556744863,5.779512366833813,-0.995404120478236
35.68,4.8400202745731615,2.200004607852711,1,6.881689440482347,-2.0416691659091857,6.853657311281611,-2.0136370367084497
35.760000000000005,24.811075497995965,4.981071721828141,1,21.86324146306095,2.9478340349350134,21.79089820425042,3.020177293745544
35.84,215.1248549488616,14.667135199106253,1,220.26960608415945,-5.144751135297838,219.71351575921022,-4.588660810348614
35.92,68.32091871025767,8.265646902103772,1,52.78970176241843,15.53121694783924,52.367445407416575,15.953473302841097
36.0,5.3418193179775315,2.311237616078782,1,7.085877648564829,-1.7440583305872979,7.0530464791258805,-1.711227161148349
36.08,4.79143711603829,2.1889351557408663,1,5.5721910309643965,-0.7807539149261062,5.5537061631945015,-0.7622690471562112
36.16,4.891679777332039,2.211714216921354,1,5.161872386857096,-0.27019260952505775,5.146575163244606,-0.2548953859125671
36.24,7.6481417079303755,2.7655273833267997,1,7.484629232159911,0.16351247577046468,7.447942414246162,0.2001992936842134
36.32,7.15494354568999,2.6748726223298913,1,6.855390663077902,0.29955288261208857,6.822661500630078,0.33228204505991243
36.400000000000006,4.852113436304674,2.202751333288593,1,4.699384077837808,0.15272935846686586,4.688388275809364,0.16372516049531072
36.480000000000004,4.797238363810267,2.190259884993164,1,4.625080753975845,0.1721576098344224,4.614957359733287,0.18228100407698022
36.56,4.798400000760977,2.190525051388588,1,4.619269712331292,0.17913028842968526,4.6092369804183235,0.18916302034265353
36.64,4.7996020573702936,2.1907994105737507,1,4.671402463842338,0.12819959352795518,4.660897206997211,0.13870485037308278
36.72,4.818837284600171,2.1951850228625767,1,4.866019376257327,-0.04718209165715592,4.853631721272753,-0.03479443667258142
36.8,9.34932791601099,3.057667070825565,1,8.589998007664816,0.7593299083461744,8.544095043893721,0.8052328721172692
36.879999999999995,37.76931813210503,6.145674749944471,1,39.897800552304446,-2.1284824201994184,39.76975238399923,-2.0004342518942053
36.96,11.676757924499926,3.4171271449128033,1,8.888412472632448,2.788345451867478,8.874285470787697,2.8024724537122285
37.04,4.846797432619677,2.201544329015357,1,4.787608747652297,0.05918868496738039,4.776914969016078,0.06988246360359973
37.120000000000005,4.806807101677661,2.1924431809462384,1,4.591587316566494,0.21521978511116657,4.582187538427504,0.2246195632501573
37.2,4.808000000035203,2.1927152117945465,1,4.523532440947297,0.284467559087906,4.514610585904205,0.2933894141309974
37.28,4.8092,2.192988828060918,1,4.494312530034696,0.3148874699653037,4.4856040479222665,0.3235959520777332
37.36,4.8104,2.1932624102008402,1,4.481759720443803,0.3286402795561969,4.473147005683559,0.3372529943164402
37.44,4.8116,2.1935359582190577,1,4.47853113400842,0.3330688659915806,4.469946092206447,0.3416539077935532
37.519999999999996,4.8128,2.193809472128334,1,4.482071113308771,0.33072888669122946,4.4734624777457395,0.3393375222542607
37.6,4.814,2.1940829519414256,1,4.491999526745821,0.322000473254179,4.4833172608762455,0.33068273912375457
37.68,4.8152,2.19435639767108,1,4.509540775905393,0.3056592240946072,4.500723793623989,0.3144762063760105
37.760000000000005,4.8164,2.194629809330038,1,4.537976819550639,0.27842318044936043,4.528936479698413,0.2874635203015865
37.84,4.8176,2.1949031869310316,1,4.584446205109085,0.2331537948909146,4.575034878608309,0.2425651213916904
37.92,4.818800000000092,2.195176530486806,1,4.665123911530826,0.15367608846926561,4.6550613159245815,0.1637386840755104
38.0,4.820000096123658,2.195449861901578,1,4.821854372150149,-0.0018542760264912417,4.810519816075361,0.009480280048296486
38.08,4.824113747054009,2.1963865204134745,1,5.190136124644332,-0.36602237759032263,5.1758177886823535,-0.3517040416283441
38.16,7.362201819373238,2.7133377635991502,1,7.553681709649895,-0.19147989027665702,7.521426447599854,-0.15922462822661565
38.24,68.48471409758557,8.275549171963487,1,65.33878508583634,3.1459290117492316,65.14217577119531,3.3425383263902546
38.32,50.71025701874822,7.121113467622056,1,45.688255550818994,5.022001467929229,45.54125783711866,5.168999181629566
38.400000000000006,5.777047724417087,2.403548985233521,1,5.944560417166259,-0.16751269274917213,5.925802552696014,-0.1487548282789275
38.480000000000004,4.827766834117164,2.197217976013569,1,5.01766528650791,-0.18989845239074565,5.005397342237227,-0.1776305081200631
38.56,4.82840000971485,2.197362057039042,1,4.787530389086393,0.04086962062845689,4.776972432136198,0.051427577578651906
38.64,4.829600000000005,2.197635092548352,1,4.709209196761389,0.12039080323861562,4.699255728897957,0.1303442711020475
38.72,4.8308,2.1979080963497997,1,4.696205451651657,0.1345945483483426,4.686391424142448,0.14440857585755218
38.8,4.832,2.198181066245454,1,4.729928089628015,0.10207191037198449,4.7199343113099825,0.11206568869001732
38.879999999999995,4.8332000000010575,2.1984540022481838,1,4.821953233558922,0.011246766442135403,4.811397994153081,0.021802005847976424
38.96,4.834400647412932,2.1987270515943838,1,5.027425762442159,-0.19302511502922748,5.0155848306001385,-0.18118418318720675
39.04,4.846994645945139,2.201589118329108,1,5.548775450356518,-0.7017808044113796,5.533648714936406,-0.6866540689912677
39.120000000000005,10.609431408163633,3.257212214173899,1,10.661302166657324,-0.05187075849369016,10.620037411186996,-0.01060600302336212
39.2,89.91067200765538,9.482123813136768,1,96.00422375957191,-6.093551751916536,95.88495690879651,-5.974284901141132
39.28,45.724818666048925,6.762012915253041,1,40.54663742234011,5.1781812437088135,40.52276983997825,5.202048826070673
39.36,6.085071242801252,2.4667937171156513,1,6.5528663786952155,-0.4677951358939634,6.538975356466982,-0.4539041136657298
39.44,4.845112804297378,2.201161694264503,1,5.182897726780815,-0.3377849224834364,5.170963311753929,-0.32585050745655053
39.519999999999996,4.842800397874777,2.200636362026852,1,4.9231792249970034,-0.08037882712222633,4.912421755420469,-0.06962135754569232
39.6,4.844000000001343,2.200908903158271,1,4.837774671365341,0.006225328636002558,4.827341137097698,0.016658862903645044
39.68,4.8452,2.201181500921721,1,4.828915988837809,0.016284011162190914,4.818387083347916,0.026812916652084517
39.760000000000005,4.8464,2.201454064930722,1,4.87381581202176,-0.027415812021759578,4.862849502303896,-0.01644950230389597
39.84,4.8476,2.2017265951975054,1,4.979182903682785,-0.13158290368278536,4.967342435534524,-0.11974243553452446
39.92,4.848800000000076,2.2019990917346166,1,5.182086344723261,-0.3332863447231844,5.168616821186882,-0.319816821186806
40.0,4.850000104528085,2.2022715782864033,1,5.588314015097721,-0.7383139105696355,5.571590044433448,-0.7215899399053622
40.08,4.855331441625188,2.2034816635554715,1,6.5397988642044,-1.6844674225792122,6.5153779291083165,-1.6600464874831289
40.16,9.548060252802497,3.0899935684079503,1,11.664235939326336,-2.116175686523839,11.593580579851901,-2.0455203270494042
40.24,158.3217064789344,12.582595379290172,1,150.76702674232538,7.5546797366090175,150.19565812508628,8.12604835384812
40.32,149.08826103572585,12.210170393394428,1,140.43428154224378,8.653979493482069,140.2181459314788,8.870115104247049
40.400000000000006,8.753988985990766,2.95871407641745,1,9.547546065464399,-0.7935570794736329,9.513089534940704,-0.7591005489499381
40.480000000000004,4.8775023865837355,2.2085068228519775,1,6.683171418091511,-1.805669031507776,6.663310645084305,-1.7858082585005697
40.56,8.42375064691532,2.90236983289782,1,9.122777887597657,-0.6990272406823372,9.099883394293142,-0.6761327473778227
40.64,33.1871134736988,5.760825763178296,1,34.58060314029346,-1.393489666594661,34.619520587256794,-1.4324071135579928
40.72,64.44515888989726,8.027774217670627,1,66.76307621104024,-2.3179173211429855,67.08418203178168,-2.6390231418844223
40.8,16.923757462386636,4.113849470068956,1,14.943350862970117,1.9804065994165185,14.926909877981245,1.9968475844053906
40.879999999999995,5.507275700115186,2.3467585517294247,1,6.452463513122149,-0.9451878130069629,6.434505241586244,-0.9272295414710578
40.96,26.30204780287099,5.128552213136861,1,25.49992263076872,0.8021251721022722,25.4303090023595,0.8717388005114906
41.04,28.06427012589733,5.297572097281671,1,27.608440362837463,0.45582976305986733,27.573375549050994,0.49089457684633686
41.120000000000005,5.588704972600116,2.364044198529316,1,5.671324875244065,-0.08261990264394914,5.657378558943521,-0.06867358634340537
41.2,4.887865455593726,2.2108517488953723,1,5.214000973074388,-0.3261355174806617,5.201314478858839,-0.3134490232651128
41.28,6.357239312929684,2.5213566413599016,1,6.528735839580495,-0.17149652665081128,6.506226332211499,-0.14898701928181524
41.36,8.989676836550323,2.9982789791062343,1,9.897106431985954,-0.9074295954356302,9.859695806885885,-0.8700189703355612
41.44,38.68085505685481,6.219393463743455,1,34.77613498211747,3.904720074737341,34.75109138593892,3.9297636709158894
41.519999999999996,45.004332502529415,6.708526850399379,1,41.52991027435471,3.474422228174703,41.352490651058346,3.651841851471069
41.6,6.252427328709668,2.5004854186156873,1,5.985596257083321,0.26683107162634734,5.965180769367639,0.28724655934202925
41.68,4.876561484287836,2.208293794830714,1,5.093559567727842,-0.21699808344000537,5.080991510725434,-0.20443002643759822
41.760000000000005,4.876400038669435,2.2082572401487637,1,4.944168331075107,-0.06776829240567217,4.932672093267953,-0.056272054598517585
41.84,4.877600000000032,2.208528922156111,1,4.940900965980364,-0.06330096598033208,4.929333995151421,-0.051733995151388434
41.92,4.878800000000329,2.2088005795001795,1,5.039566398970357,-0.1607663989700283,5.027145242039111,-0.14834524203878274
42.0,4.880000290669756,2.209072269227459,1,5.293779504379105,-0.41377921370934967,5.279333846815262,-0.39933355614550603
42.08,4.888589066877829,2.2110153927274747,1,5.943691489359395,-1.055102422481566,5.9244271115425216,-1.0358380446646924
42.16,10.28379291494452,3.2068353426617526,1,10.541703662284078,-0.2579107473395581,10.510108179711043,-0.22631526476652297
42.24,118.42346296271184,10.882254498159462,1,115.03038334579385,3.393079616917987,114.8659027441158,3.5575602185960378
42.32,73.51533481324473,8.57410839756792,1,69.64072029286083,3.8746145203839006,69.0868572218981,4.428477591346635
42.400000000000006,6.0789241285840205,2.4655474297981006,1,7.151793400517102,-1.0728692719330812,7.116593175256908,-1.037669046672887
42.480000000000004,4.887796258639465,2.210836099451849,1,5.628054056763073,-0.7402577981236078,5.609761970466071,-0.7219657118266056
42.56,4.888400012301859,2.2109726394285976,1,5.295726500510965,-0.40732648820910633,5.2806717997146215,-0.3922717874127626
42.64,4.889847669356328,2.2112999953322316,1,5.3285035157783875,-0.43865584642205935,5.3133027565578335,-0.42345508720150526
42.72,5.363462002489138,2.3159149385262703,1,5.989817289067371,-0.6263552865782334,5.9696957465613165,-0.6062337440721786
42.8,30.831284626433195,5.552592604039414,1,26.49272757236946,4.338557054063735,26.41808661803281,4.413198008400386
42.879999999999995,46.175023618737924,6.795220645331388,1,50.211281233875376,-4.036257615137451,50.01899567091395,-3.843972052176028
42.96,30.300406954370803,5.504580542999694,1,25.734730849147596,4.565676105223208,25.580997434025562,4.719409520345241
43.04,50.775277131030975,7.125677310335557,1,52.256785535360706,-1.4815084043297304,51.97187282049397,-1.1965956894629954
43.120000000000005,7.4669537772704615,2.732572739611969,1,6.811271617684682,0.6556821595857798,6.783502082454659,0.6834516948158029
43.2,4.902140446734031,2.214077786965497,1,5.112570252752195,-0.21042980601816375,5.09888343861283,-0.19674299187879907
43.28,4.8992001918058,2.2134136964891584,1,4.844529481569544,0.05467071023625625,4.833446494909243,0.0657536968965573
43.36,4.900400000544381,2.213684711187296,1,4.730151403237902,0.1702485973064789,4.72016647668553,0.18023352385885083
43.44,4.901613504660107,2.213958785673326,1,4.671324222664518,0.23028928199558862,4.661901108411748,0.2397123962483585
43.519999999999996,4.9124381841787415,2.2164020808911773,1,4.641353973441459,0.27108421073728284,4.632200670388732,0.2802375137900093
43.6,5.101803151323305,2.2587171472593255,1,4.709163639431535,0.3926395118917707,4.699474170876531,0.40232898044677423
43.68,5.021934066249129,2.2409672166832624,1,4.654020019018545,0.36791404723058374,4.645005107288186,0.37692895896094303
43.760000000000005,4.908381018099114,2.215486632344938,1,4.599377324999731,0.3090036930993829,4.590679295110077,0.3177017229890362
43.84,4.907600966731112,2.215310580196626,1,4.596200128279772,0.31140083845133937,4.587549651938629,0.32005131479248217
43.92,4.908800000013566,2.215581187863258,1,4.59778480649279,0.31101519352077656,4.589141059598351,0.3196589404152155
44.0,4.91,2.215851980616034,1,4.603449239626639,0.30655076037336126,4.59477819578265,0.3152218042173498
44.08,4.9112,2.216122740283128,1,4.6136692233416365,0.29753077665836347,4.60493424273091,0.3062657572690899
44.16,4.9124,2.2163934668736056,1,4.629832380682635,0.28256761931736474,4.620986851006762,0.29141314899323767
44.24,4.9136,2.216664160399586,1,4.654849611402035,0.2587503885979645,4.645825231208279,0.26777476879172113
44.32,4.9148000000000005,2.2169348208731803,1,4.694920541567893,0.2198794584321071,4.68560236641525,0.2291976335847501
44.400000000000006,4.916000001403016,2.2172054486228867,1,4.764861295843952,0.15113870555906406,4.755022560847222,0.16097744055579355
44.480000000000004,4.917309727473313,2.2175007840975645,1,4.907976387942368,0.009333339530945395,4.897063068842111,0.02024665863120223
44.56,5.165171363710375,2.2727013362319246,1,5.393814682611694,-0.2286433189013195,5.378997931118182,-0.21382656740780703
44.64,20.878412254396586,4.569290125872572,1,18.902304531209857,1.976107723186729,18.83786084302596,2.0405514113706253
44.72,34.59867438003089,5.88206378578394,1,34.66170690305117,-0.06303252302027573,34.602741949595085,-0.004067569564192297
44.8,6.509131109750821,2.551299886283622,1,6.167305225105928,0.3418258846448925,6.151220156213789,0.35791095353703195
44.879999999999995,5.058737103681092,2.2491636453760075,1,5.561324190759393,-0.5025870870783011,5.54650141415682,-0.4877643104757281
44.96,11.449282742349892,3.38367887695477,1,11.932389347947009,-0.4831066055971167,11.914650298432269,-0.4653675560823771
45.04,14.14255793739461,3.7606592423928293,1,15.963675091734427,-1.8211171543398166,15.9285353068637,-1.7859773694690908
45.120000000000005,13.082278513319148,3.61694325547404,1,12.764138757336156,0.31813975598299216,12.711889613038817,0.37038890028033045
45.2,101.94674947422416,10.09686830033076,1,103.34006080626047,-1.3933113320363049,103.14129874448699,-1.1945492702628258
45.28,68.49617235989824,8.276241439198003,1,61.940483847671075,6.555688512227164,61.57056685881901,6.925605501079232
45.36,12.334513501577913,3.5120526051837424,1,12.418237724483085,-0.08372422290517179,12.32692993229773,0.007583569280182445
45.44,5.750415794969786,2.3980024593335565,1,7.003229051669893,-1.2528132567001071,6.975201805944894,-1.2247860109751079
45.519999999999996,36.451994194086765,6.037548690825339,1,34.88513866404983,1.566855530036932,34.786748933646024,1.6652452604407415
45.6,41.949709129900825,6.476859511360488,1,41.11481715422435,0.8348919756764772,41.02435929535336,0.9253498345474682
45.68,6.185239074103828,2.4870140880388734,1,6.129319835626533,0.055919238477295075,6.111651865912327,0.07358720819150122
45.760000000000005,4.9376139128967775,2.2220742365854425,1,5.1381965180023546,-0.20058260510557702,5.125885705598275,-0.18827179270149763
45.84,4.9376000340043955,2.222071113624493,1,4.927773217371301,0.009826816633094815,4.916738878769062,0.02086115523533394
45.92,4.938812578747005,2.2223439379958734,1,4.865146842186194,0.07366573656081155,4.8542242824412405,0.08458829630576492
46.0,4.982883589912252,2.232237350711669,1,4.9266999160774825,0.05618367383476919,4.91447409166563,0.06840949824662168
46.08,9.145283269063373,3.024116940375053,1,7.635022553430054,1.5102607156333194,7.597412805135967,1.5478704639274063
46.16,16.794025146103685,4.098051384024325,1,17.161800672909013,-0.3677755268053282,16.990510833624864,-0.19648568752117868
46.24,5.904468615547551,2.429911236145788,1,5.599262968650379,0.3052056468971722,5.574017589286406,0.3304510262611453
46.32,5.13696154774771,2.266486608773083,1,5.191123295519191,-0.05416174777148086,5.177828824243521,-0.040867276495811566
46.400000000000006,13.778310917645806,3.711914723918884,1,13.86446736833889,-0.08615645069308364,13.83830308989368,-0.05999217224787401
46.480000000000004,16.75856113743808,4.093722161729845,1,17.398606790472563,-0.640045653034484,17.363067514992515,-0.6045063775544364
46.56,5.402605070009156,2.32435046195903,1,5.121823818029845,0.28078125197931136,5.110464426248859,0.29214064376029736
46.64,4.950102262124229,2.2248825277133686,1,4.765650013500059,0.18445224862417042,4.7562919428643315,0.19381031925989767
46.72,4.950800015971118,2.2250393290841215,1,4.696653475017642,0.2541465409534762,4.687774364143236,0.2630256518278822
46.8,4.952000000000014,2.225308967312183,1,4.670337466225812,0.2816625337742025,4.661657477916083,0.2903425220839315
46.879999999999995,4.9532,2.2255785764605123,1,4.660552658622579,0.2926473413774211,4.651961062635017,0.30123893736498264
46.96,4.9544,2.225848152952038,1,4.6596336998394206,0.29476630016057914,4.651070388208582,0.30332961179141726
47.04,4.9556,2.2261176967986214,1,4.665133296506544,0.2904667034934558,4.656555131083278,0.299044868916722
47.120000000000005,4.9568,2.2263872080121194,1,4.676783172901367,0.28001682709863296,4.668149953744084,0.28865004625591606
47.2,4.958,2.226656686604381,1,4.695840773181426,0.2621592268185742,4.687105711344521,0.27089428865547927
47.28,4.9592,2.2269261325872485,1,4.725451212914743,0.23374878708525682,4.71654969639799,0.24265030360201045
47.36,4.9604,2.227195545972558,1,4.772164286405137,0.1882357135948629,4.7629943650794555,0.19740563492054441
47.44,4.961600000000001,2.2274649267721367,1,4.850125689036463,0.11147431096353788,4.840505778846531,0.12109422115347002
47.519999999999996,4.962800003244489,2.2277342757260095,1,4.99369105303088,-0.030891049786391456,4.983250813651066,-0.020450810406576814
47.6,4.964258364149707,2.228061570996122,1,5.304041076723789,-0.339782712574082,5.2918757471327975,-0.3276173829830906
47.68,5.556822326181238,2.357291311268346,1,6.342100314135706,-0.7852779879544682,6.324781021142888,-0.7679586949616501
47.760000000000005,43.9232004065173,6.627458065240194,1,34.99040841333881,8.93279199317849,34.96457566957281,8.958624736944493
47.84,78.73227413861528,8.87312087929694,1,88.40865428811226,-9.676380149496978,88.28658078856562,-9.554306649950334
47.92,8.986180971832423,2.997695943859621,1,9.085420796439848,-0.09923982460742486,9.053370326452074,-0.06718935461965003
48.0,5.8059653318423745,2.4095570820884022,1,6.607013853286415,-0.8010485214440406,6.581836208677096,-0.7758708768347216
48.08,25.74493335046809,5.073946526173496,1,26.665605597728852,-0.9206722472607609,26.532247128135477,-0.7873137776673858
48.16,19.92947377622761,4.464243919884711,1,19.204044190840786,0.7254295853868236,19.154032216485742,0.7754415597418678
48.24,5.283330322922854,2.298549612891324,1,5.418938029966697,-0.13560770704384328,5.405561948322028,-0.12223162539917354
48.32,5.072588976421524,2.2522408788629877,1,5.151768623847333,-0.07917964742580885,5.1401150240033715,-0.06752604758184777
48.400000000000006,9.864819451231085,3.140831012842156,1,9.049436011004747,0.8153834402263378,9.031536941498231,0.8332825097328538
48.480000000000004,12.01868249630018,3.4667971524593386,1,11.838067451976059,0.1806150443241208,11.834582903205117,0.18409959309506263
48.56,5.270042378806924,2.295657286880366,1,5.034241097064339,0.2358012817425843,5.0248479485329085,0.24519443027401522
48.64,4.979947347023797,2.231579563229552,1,4.807534283611469,0.17241306341232843,4.798464308524844,0.18148303849895342
48.72,4.980800011896055,2.231770600195292,1,4.769292912830708,0.21150709906534715,4.760395570410228,0.22040444148582683
48.8,4.982000000000012,2.232039426175087,1,4.760559717759361,0.2214402822406507,4.751702439295906,0.23029756070410556
48.879999999999995,4.9832,2.2323082224459956,1,4.767282351404629,0.21591764859537133,4.758385996446311,0.2248140035536892
48.96,4.9844,2.232576986354558,1,4.787402635498397,0.19699736450160277,4.778392716031719,0.20600728396828139
49.04,4.9856,2.232845717912458,1,4.824723912206894,0.16087608779310614,4.815501261543282,0.1700987384567174
49.120000000000005,4.9868000000008434,2.2331144171315636,1,4.891213503939667,0.09558649606117608,4.881608017052348,0.10519198294849552
49.2,4.988000477407844,2.2333831909029502,1,5.019940756384574,-0.03194027897672935,5.009588838752537,-0.02158836134469233
49.28,4.996965060185037,2.235389241314594,1,5.323059388887079,-0.3260943287020419,5.310939000163471,-0.3139739399784345
49.36,8.622238466696405,2.9363648388264707,1,7.95314914174962,0.6690893249467855,7.928676060248821,0.693562406447584
49.44,53.838234257619554,7.3374542082127885,1,51.84124997684584,1.9969842807737166,51.791378186444646,2.0468560711749078
49.519999999999996,23.88441936712418,4.8871688498684165,1,22.87314872539417,1.011270641730011,22.85017142401867,1.0342479431055125
49.6,5.204136775649918,2.2812577179376112,1,5.863910234442926,-0.6597734587930084,5.849856316446546,-0.6457195407966285
49.68,5.058663456315723,2.2491472731494757,1,5.607462134117369,-0.5487986778016456,5.594614322629571,-0.5359508663138479
49.760000000000005,8.322193891959543,2.8848212928983217,1,8.502771465273504,-0.18057757331396118,8.490687045181591,-0.16849315322204816
49.84,12.83105987201927,3.5820468830012917,1,12.362815547137432,0.4682443248818391,12.34169645193261,0.48936342008666145
49.92,61.70733484613967,7.855401634935013,1,55.073478654177364,6.633856191962309,55.14088338057013,6.566451465569543
50.0,37.74244058431054,6.143487656397671,1,40.41946989746263,-2.67702931315209,40.30838350772971,-2.565942923419165
50.08,17.894270620010076,4.23016200871906,1,17.34991213645764,0.5443584835524362,17.316925424573007,0.5773451954370685
50.160000000000004,19.668815217238112,4.434953801026355,1,20.748068226890535,-1.0792530096524224,20.70935298958569,-1.0405377723475766
50.24,5.609210238090068,2.3683771317275606,1,6.820543632529904,-1.2113333944398361,6.798896843799587,-1.189686605709519
50.32,16.744901103714597,4.092053409196243,1,15.82526682673632,0.919634276978277,15.770343181543872,0.9745579221707246
50.4,61.74993125341617,7.858112448509258,1,60.850582289806084,0.8993489636100875,60.69094697822696,1.0589842751892107
50.480000000000004,71.76423615222723,8.471377464865276,1,73.04039468650764,-1.2761585342804125,72.95086354356889,-1.1866273913416592
50.56,54.36905189026976,7.373537271233513,1,55.25389604677569,-0.8848441565059275,55.068173929357734,-0.6991220390879747
50.64,11.321998595658643,3.3648177655942444,1,11.230289737974434,0.09170885768420867,11.190746092272697,0.13125250338594618
50.72,5.036071499596754,2.244119314919943,1,5.950092846445813,-0.9140213468490588,5.933382080536418,-0.8973105809396644
50.8,5.012002914140169,2.238750301873831,1,5.674235294885332,-0.6622323807451629,5.659465305980204,-0.6474623918400351
50.88,5.013276965172415,2.2390348289324162,1,5.821602590895346,-0.8083256257229312,5.805885913836676,-0.7926089486642605
50.96,5.260751031800021,2.293632715105019,1,6.645373874146463,-1.3846228423464417,6.6243478082135905,-1.3635967764135692
51.04,29.764057938707516,5.455644594244342,1,24.757393697609103,5.006664241098413,24.6965193321401,5.0675386065674175
51.12,93.72988012700384,9.68141932399397,1,98.47736842832123,-4.747488301317389,98.28515710230562,-4.55527697530178
51.2,64.11884029407034,8.007424073575118,1,60.28840142032375,3.830438873746587,60.11396158157879,4.004878712491546
51.28,27.146280806689205,5.2102092862656875,1,24.41780326173164,2.728477544957567,24.429136498947006,2.717144307742199
51.36,5.316576539603088,2.3057702703441834,1,6.386329225183378,-1.0697526855802897,6.369568984103292,-1.0529924445002043
51.44,5.021714334366909,2.240918190020981,1,5.7962384915445355,-0.7745241571776269,5.7816571682059985,-0.7599428338390899
51.52,5.022801742314551,2.2411608024223852,1,5.815332251816268,-0.7925305095017174,5.800536630793023,-0.7777348884784727
51.6,5.045284189030967,2.2461710061860756,1,6.338874971740049,-1.2935907827090816,6.321422548459864,-1.2761383594288969
51.68,12.539068851156562,3.541054765342745,1,12.725954457380539,-0.1868856062239761,12.71122845945224,-0.17215960829567756
51.76,86.82316838982449,9.317895062181398,1,87.01183522815899,-0.18866683833449827,87.00740296729622,-0.18423457747172733
51.84,62.6473851460174,7.9150101166086575,1,58.78338677083801,3.863998375179392,58.55899468703486,4.088390458982538
51.92,78.67328948721118,8.869796473832485,1,78.13174506914551,0.5415444180656692,77.97254151246648,0.7007479747447007
52.0,35.17095715113519,5.930510699015321,1,33.77029308984301,1.4006640612921828,33.64045802610513,1.5304991250300617
52.08,5.888907535347065,2.4267071383558143,1,7.134627187496527,-1.2457196521494618,7.109082455687821,-1.2201749203407557
52.160000000000004,16.382247956711133,4.047498975504642,1,16.072787750854637,0.3094602058564959,16.020255497540926,0.3619924591702066
52.24,12.75929789205233,3.5720159423009763,1,13.019393497009414,-0.2600956049570833,12.980561321180462,-0.2212634291281308
52.32,5.186022720617249,2.2772840667376673,1,5.513831852049994,-0.3278091314327449,5.500117385548614,-0.31409466493136495
52.4,5.036085118298631,2.2441223492266706,1,5.311672594910738,-0.2755874766121069,5.2993181911643745,-0.26323307286574327
52.480000000000004,5.037206522153765,2.244372188865689,1,5.398107294263042,-0.36090077210927696,5.385197488934564,-0.34799096678079877
52.56,5.083823360605134,2.2547335453674195,1,5.840381532186269,-0.7565581715811351,5.824660938143198,-0.7408375775380645
52.64,14.696052565984662,3.833543082578395,1,12.678005787935401,2.0180467780492606,12.649980133055807,2.046072432928854
52.72,79.29412011819382,8.90472459530298,1,77.73340112288864,1.56071899530518,77.5886591832067,1.7054609349871157
52.800000000000004,32.71977832836971,5.720120481980228,1,31.366517501575185,1.3532608267945285,31.217425505974894,1.502352822394819
52.88,5.530249519952959,2.3516482560010883,1,6.180326372571153,-0.6500768526181933,6.1603113697013,-0.6300618497483406
52.96,5.044701370511075,2.2460412664310234,1,5.309896825850268,-0.2651954553391933,5.297448669941436,-0.2527472994303608
53.04,5.0456000056397805,2.246241306191252,1,5.068385588182725,-0.022785582542944383,5.057785090530889,-0.012185084891108922
53.12,5.046800000000003,2.2465084019428914,1,4.966125051359551,0.08067494864045166,4.9563053211489,0.09049467885110296
53.2,5.048000000001386,2.246775467197687,1,4.92250479246893,0.12549520753245602,4.913048407382567,0.13495159261881895
53.28,5.049200471569318,2.2470426056417616,1,4.917988928405383,0.13121154316393469,4.908662312572166,0.14053815899715172
53.36,5.055013810075285,2.248335786771025,1,4.969755574592545,0.08525823548273959,4.9603404557512905,0.09467335432399437
53.44,6.349676561345997,2.5198564564962815,1,5.847973665016739,0.5017028963292578,5.841535554302584,0.5081410070434131
53.52,15.554686624795256,3.9439430301153258,1,15.34386970708741,0.21081691770784516,15.348536949925842,0.2061496748694136
53.6,7.497209818191726,2.73810332496634,1,7.196335837881007,0.300873980310719,7.173493240343227,0.32371657784849894
53.68,5.071544838244796,2.252009067087607,1,5.053552844088296,0.017991994156499658,5.043299566708507,0.02824527153628864
53.76,5.056406233795003,2.248645421980754,1,5.054354865462518,0.002051368332485204,5.0440700508910385,0.012336182903964321
53.84,5.079409064472527,2.2537544374826037,1,5.241036529960395,-0.161627465487868,5.229529664179314,-0.1501205997067867
53.92,9.48586588421798,3.07991329167202,1,8.229503951708109,1.2563619325098703,8.212967304950162,1.2728985792678174
54.0,30.902281531481112,5.558982058927795,1,30.690045389497747,0.2122361419833645,30.62993267284773,0.2723488586333822
54.08,10.133893986596528,3.1833777637277874,1,9.933262513480646,0.20063147311588203,9.89101121716121,0.24288276943531706
54.160000000000004,32.571084351133024,5.70710823019268,1,30.214882802237256,2.3562015488957684,30.108866866915612,2.462217484217412
54.24,34.622169860410054,5.884060660837043,1,34.862801537252786,-0.24063167684273168,34.8264824000966,-0.20431253968654772
54.32,5.978816465414081,2.4451618485110718,1,6.10176038625233,-0.12294392083824945,6.088066410257958,-0.10924994484387707
54.4,5.066812738973146,2.2509581824132465,1,5.1843380240697465,-0.11752528509660021,5.17363710809755,-0.10682436912440352
54.480000000000004,5.067200020781389,2.251044206758585,1,5.002186845959738,0.06501317482165092,4.9925933310234765,0.07460668975791229
54.56,5.068400000000016,2.2513107293308083,1,4.936983070384306,0.1314169296157095,4.9278577479362,0.140542252063816
54.64,5.06960000015123,2.2515772250027823,1,4.926224402914825,0.14337559723640414,4.9173129437378185,0.15228705641341111
54.72,5.070818760315498,2.251847854610852,1,4.969536068433467,0.1012826918820311,4.960701187754017,0.11011757256148069
54.800000000000004,5.1389221855406655,2.266919095499587,1,5.163223553272754,-0.024301367732088686,5.1546009033397,-0.015678717799034736
54.88,11.937978294888966,3.4551379559851103,1,10.21910381365885,1.7188744812301167,10.244341120379532,1.6936371745094334
54.96,25.323668457405823,5.03226275719043,1,25.292610483670007,0.03105797373581609,25.310619790869648,0.013048666536175091
55.04,6.793186360459677,2.6063741789044177,1,6.279896717978548,0.5132896424811291,6.26299200037904,0.5301943600806371
55.12,5.080989423354278,2.2541050160439013,1,5.0245797709060165,0.05640965244826113,5.015324208910385,0.06566521444389295
55.2,5.07800029384367,2.253441877183361,1,4.923732120503692,0.154268173339978,4.914833684778778,0.16316660906489133
55.28,5.079200000000593,2.253708055627568,1,4.898189669619784,0.1810103303808086,4.889320723370924,0.18987927662966886
55.36,5.0804,2.2539742678211745,1,4.904640656987967,0.17575934301203322,4.895657911907358,0.1847420880926416
55.44,5.0816,2.2542404485768595,1,4.937329222050264,0.1442707779497363,4.928090260737267,0.15350973926273248
55.52,5.082800000001482,2.2545065979059546,1,5.008007190943917,0.07479280905756536,4.998276357807992,0.08452364219349029
55.6,5.084000774202846,2.2547728874995028,1,5.1587111574175015,-0.07471038321465517,5.147967578721525,-0.06396680451867898
55.68,5.096824706351943,2.2576148268364875,1,5.542565169805124,-0.4457404634531814,5.529260969155602,-0.4324362628036589
55.76,10.105613166038871,3.1789327086364807,1,9.762518851863469,0.3430943141754028,9.728286972898612,0.3773261931402594
55.84,67.40591644906597,8.210110623436567,1,64.85180767570027,2.554108773365698,64.74511937300609,2.660797076059879
55.92,27.33839991513149,5.228613574852466,1,23.10458157793634,4.233818337195149,23.06802355342148,4.27037636171001
56.0,5.318431042671637,2.3061723792187863,1,5.839083015120705,-0.5206519724490679,5.824952670603634,-0.5065216279319964
56.08,5.091268115602419,2.256383858212609,1,5.259026167400388,-0.16775805179796954,5.247913351518302,-0.15664523591588342
56.160000000000004,5.095445861194498,2.2573094296517033,1,5.1030922384382436,-0.007646377243745839,5.092726380981771,0.0027194802127263884
56.24,5.4881897627998315,2.342688575718043,1,5.345427027810919,0.14276273498891268,5.332363662219448,0.15582610058038338
56.32,6.56477176602807,2.562181056449382,1,6.491241358811371,0.07353040721669846,6.474883892267464,0.08988787376060614
56.4,5.269210946279951,2.2954761916168835,1,5.251059114873819,0.01815183140613197,5.239681168834,0.029529777445950423
56.480000000000004,7.268423866019472,2.69600145883111,1,6.5439945485395405,0.7244293174799319,6.523751551522313,0.7446723144971594
56.56,13.706354564845803,3.7022094166653785,1,14.082046773677504,-0.3756922088317012,13.987653477015998,-0.281298912170195
56.64,6.171683209209128,2.484287263826212,1,6.7108175436618485,-0.5391343344527204,6.681658568350928,-0.5099753591417997
56.72,17.352547147214366,4.165638864233716,1,15.541677683159431,1.8108694640549352,15.531427349007338,1.8211197982070289
56.800000000000004,52.75982488471102,7.263595864632821,1,54.915610939891884,-2.1557860551808616,54.84201946893256,-2.08219458422154
56.88,10.435455252401614,3.2303955256905637,1,9.621223584059198,0.8142316683424156,9.584953733614576,0.8505015187870377
56.96,5.121555948823331,2.263085493043365,1,5.694947740247224,-0.5733917914238935,5.680648581745699,-0.5590926329223684
57.04,5.106654495919263,2.259790807999551,1,5.6699049509098725,-0.5632504549906097,5.655484602722849,-0.5488301068035861
57.12,6.306200393041419,2.51121492370554,1,6.919169585930188,-0.6129691928887686,6.89570927698146,-0.5895088839400406
57.2,44.39637729252664,6.663060655023833,1,39.67648134757455,4.719895944952086,39.559939872518875,4.836437420007762
57.28,42.11675733102931,6.48974247031647,1,42.045053275873904,0.07170405515540779,41.953862638415124,0.16289469261418787
57.36,6.114517019681826,2.4727549453356326,1,6.7573766715833425,-0.6428596519015164,6.7377650010317955,-0.6232479813499694
57.44,5.680708519983503,2.383423697117972,1,6.160707745194228,-0.479999225210725,6.146022538551327,-0.46531401856782484
57.52,10.649771821158982,3.2633988142976,1,11.068277000335918,-0.4185051791769361,11.040036627111181,-0.39026480595219937
57.6,18.30833862004201,4.27882444370437,1,15.746318086954773,2.5620205330872388,15.657838918655223,2.6504997013867886
57.68,40.09077211134733,6.331727419223551,1,41.649390111212554,-1.558617999865227,41.52984395281192,-1.439071841464596
57.76,15.596809876497566,3.949279665520988,1,14.277314153478482,1.3194957230190845,14.226174713065653,1.3706351634319134
57.84,63.70991197423494,7.981848907003624,1,64.14197376171771,-0.43206178748276614,64.0302729900613,-0.32036101582636434
57.92,22.8505161465256,4.780221349114035,1,21.901028414186378,0.9494877323392217,21.884023597351156,0.9664925491744434
58.0,6.068858455553149,2.463505318758851,1,6.607246974538783,-0.5383885189856343,6.592629633010249,-0.5237711774571006
58.08,5.125635471213309,2.26398663229563,1,5.33360623668864,-0.20797076547533067,5.322423020131366,-0.1967875489180564
58.160000000000004,5.122795227709617,2.2633592794140345,1,5.116077369653855,0.006717858055762527,5.106046256368874,0.0167489713407436
58.24,5.208536032671695,2.282221731706123,1,5.064607802087546,0.14392823058414894,5.054515133952736,0.15402089871895885
58.32,5.650545990211321,2.377087711930572,1,5.375210760848351,0.2753352293629705,5.361535192290514,0.28901079792080697
58.4,5.219580721436452,2.2846401732956663,1,4.997112949249328,0.222467772187124,4.9873474505801765,0.2322332708562751
58.480000000000004,5.127679059429092,2.2644379124694702,1,4.919648321462675,0.2080307379664177,4.910699176046517,0.21697988338257534
58.56,5.128698876408126,2.2646630823166887,1,4.916465333887678,0.21223354252044757,4.907507114692286,0.22119176171583987
58.64,5.164784455192856,2.2726162137925656,1,4.945743973072655,0.21904048212020122,4.936310800437868,0.22847365475498815
58.72,5.261714811790924,2.29384280450752,1,5.052735589270769,0.20897922252015455,5.041664323104574,0.2200504886863497
58.800000000000004,7.214074322622293,2.685902887786953,1,6.414375209725408,0.7996991128968851,6.394767867054507,0.8193064555677863
58.88,15.58625952796974,3.9479437088147216,1,15.066855842138203,0.5194036858315361,15.007648306634476,0.5786112213352634
58.96,6.651940524669202,2.579135615796347,1,6.277077126671427,0.3748633979977747,6.2602098557985135,0.3917306688706885
59.04,5.141999021847388,2.2675976322635787,1,5.003822743047316,0.13817627880007244,4.994173157449499,0.14782586439788936
59.12,5.198773992877526,2.2800820145068306,1,5.002668963967585,0.1961050289099413,4.993175637784829,0.20559835509269675
59.2,6.870300326003234,2.621125774548645,1,6.393867357623959,0.4764329683792745,6.381388084226279,0.4889122417769549
59.28,6.531614856463489,2.555702419387572,1,6.176232311054116,0.3553825454093724,6.168618057096627,0.36299679936686147
59.36,5.172629129806919,2.274341471680741,1,4.981970089650317,0.19065904015660173,4.973186660328792,0.19944246947812694
59.44,5.214107902882878,2.283442117261324,1,5.053113091555942,0.16099481132693594,5.044082067528709,0.17002583535416882
59.52,8.493553333741376,2.9143701435715705,1,7.811938672065741,0.6816146616756349,7.80681970126471,0.686733632476666
59.6,9.598040272106674,3.098070411095699,1,9.530952607326807,0.0670876647798675,9.538705821290755,0.05933445081591948
59.68,5.315452008019471,2.3055264058386906,1,5.142867882646014,0.17258412537345702,5.134430461311952,0.1810215467075187
59.76,5.146587135799557,2.268609075138235,1,5.00169577806439,0.14489135773516715,4.992741337668344,0.15384579813121313
59.84,5.147607283401026,2.2688339038812484,1,5.036792491016348,0.11081479238467828,5.0275256073754475,0.12008167602557851
59.92,5.181327708350804,2.2762529974391694,1,5.200612156079163,-0.019284447728359133,5.190610335234866,-0.009282626884061784
60.0,9.33072855737531,3.0546241270204275,1,8.850111808798957,0.4806167485763524,8.845420716568414,0.48530784080689493
60.08,20.60292238731633,4.539044215175297,1,22.120630313365076,-1.5177079260487467,22.08129726946434,-1.4783748821480103
60.160000000000004,6.794608307727504,2.606646947272972,1,6.578522500071298,0.21608580765620644,6.55756310213074,0.23704520559676379
60.24,5.158618871416233,2.271259313996584,1,5.243899615379448,-0.08528074396321461,5.232690908865608,-0.0740720374493753
60.32,5.154856646309353,2.270430938458458,1,5.269790681126991,-0.11493403481763753,5.258184836876078,-0.10332819056672449
60.4,5.30846989593806,2.3040116961374264,1,5.624331732470963,-0.31586183653290245,5.609862937455784,-0.3013930415177235
60.480000000000004,17.73010209599258,4.210712777665152,1,14.37608252170116,3.3540195742914207,14.330548768949747,3.3995533270428346
60.56,36.73224384260095,6.060713146371551,1,36.49557040365275,0.23667343894820192,36.33035129069883,0.40189255190212236
60.64,7.5637672022310944,2.7502303907547625,1,7.826458738288891,-0.2626915360577966,7.794129421651138,-0.23036221942004342
60.72,5.166763135751491,2.2730515031013905,1,5.848361727916549,-0.6815985921650576,5.83173834489154,-0.6649752091400485
60.800000000000004,5.896541372229055,2.428279508670502,1,6.835286274105508,-0.9387449018764533,6.810792683784658,-0.9142513115556037
60.88,40.6723546758316,6.377488116479058,1,35.835973431147565,4.836381244684034,35.69847612862482,4.97387854720678
60.96,57.31206730932259,7.570473387399403,1,57.027227354882065,0.28483995444052823,56.84895338238722,0.463113926935371
61.04,7.480822018373656,2.735109141949121,1,7.867068239609105,-0.3862462212354485,7.8405439929242515,-0.3597219745505953
61.12,5.481975053401424,2.341361794640338,1,6.026989808605978,-0.5450147552045541,6.012754476496383,-0.530779423094959
61.2,8.965563066161755,2.9942550102090095,1,8.957867548794628,0.007695517367126925,8.955472178855276,0.01009088730647889
61.28,7.53299007710255,2.744629315062883,1,7.561863082186289,-0.02887300508373869,7.54867214015044,-0.015682063047890438
61.36,30.739255255875083,5.544299347606971,1,27.76488940704909,2.974365848825993,27.7464391042941,2.992816151580982
61.44,24.172458859672297,4.9165494871578685,1,24.98139722037927,-0.8089383607069749,24.915115514825896,-0.7426566551535991
61.52,6.170648768609506,2.4840790584459076,1,6.834619707570871,-0.6639709389613655,6.824239960314971,-0.6535911917054653
61.6,5.201177944750845,2.280609117045454,1,5.579054386877033,-0.37787644212618776,5.567442534787064,-0.36626459003621914
61.68,6.898112691584718,2.626425839726817,1,6.741269603912036,0.15684308767268185,6.727408142702981,0.17070454888173714
61.76,28.567964314655523,5.344900776876548,1,27.20359836218047,1.3643659524750547,27.208469954233216,1.3594943604223069
61.84,14.340237659407132,3.7868506254415597,1,15.192105739872666,-0.8518680804655343,15.185870774332997,-0.8456331149258656
61.92,5.282467569333561,2.2983619317534743,1,5.497942162213804,-0.21547459288024307,5.487414820562623,-0.2049472512290622
62.0,5.180033929820431,2.275968789289614,1,5.173366998714384,0.006666931106047436,5.163903747981159,0.016130181839272062
62.08,5.181200000321863,2.2762249450179266,1,5.087498806758521,0.09370119356334161,5.078368978211942,0.10283102210992112
62.160000000000004,5.182400000023092,2.2764885240262234,1,5.062749988483423,0.11965001153966881,5.053730955229387,0.1286690447937051
62.24,5.1836033745362124,2.276752813666036,1,5.074533283498879,0.10907009103733323,5.065518958161379,0.1180844163748338
62.32,5.198980811998893,2.2801273674948277,1,5.141348971238538,0.057631840760354436,5.132324741429549,0.0666560705693433
62.4,6.899620023188881,2.626712778967065,1,6.2563206435553,0.6432993796335804,6.255495625969957,0.6441243972189241
62.480000000000004,11.141828649999878,3.3379377840217272,1,11.62396861661059,-0.48213996661071157,11.640044160715872,-0.498215510715994
62.56,5.80571704771921,2.409505560840068,1,6.147920131750858,-0.3422030840316479,6.13527005128201,-0.3295530035627996
62.64,8.6351172515129,2.938557001576267,1,7.967208360383944,0.6679088911289561,7.961745346302612,0.6733719052102884
62.72,22.093302051566635,4.700351268954974,1,22.391001753113688,-0.29769970154705305,22.40838512310468,-0.3150830715380444
62.800000000000004,22.323747420060418,4.724801310114576,1,22.09398738000446,0.2297600400559574,22.007228618525453,0.3165188015349649
62.88,16.310847627343428,4.038669041570927,1,14.93830483694598,1.372542790397448,14.855599328540624,1.455248298802804
62.96,20.136146165649805,4.487331742321912,1,20.555834371222726,-0.4196882055729212,20.50706033786689,-0.3709141722170841
63.04,8.423945490625087,2.90240339901694,1,8.546971897767994,-0.12302640714290725,8.525402446020394,-0.10145695539530664
63.12,10.846607222039452,3.293418774167575,1,12.060150107976522,-1.2135428859370698,12.037794627526255,-1.1911874054868026
63.2,16.37555579254931,4.046672187433683,1,15.700474040518452,0.6750817520308576,15.632423302696655,0.7431324898526555
63.28,24.917334574126524,4.991726612518611,1,25.19826367821086,-0.28092910408433625,25.183760083806888,-0.2664255096803636
63.36,28.90889447624656,5.3766992175726696,1,28.777443215540618,0.1314512607059406,28.65621006263101,0.2526844136155475
63.44,31.788628291982143,5.638140499489361,1,30.0518648164122,1.7367634755699441,29.915366231645052,1.8732620603370904
63.52,23.636417072069666,4.861729843591648,1,25.002616853181046,-1.36619978111138,24.897836689877728,-1.2614196178080626
63.6,6.10639330835658,2.4711117555376934,1,6.634685828690812,-0.5282925203342321,6.612446205361833,-0.5060528970052527
63.68,5.2066805331535,2.2818151838292033,1,5.369176379525714,-0.16249584637221393,5.357133056284657,-0.15045252313115665
63.76,5.2064000750331765,2.281753727954263,1,5.190570623581627,0.015829451451549126,5.180114410349431,0.026285664683745047
63.84,5.207600330667208,2.282016724449496,1,5.119922880494444,0.0876774501727633,5.110076028319946,0.09752430234726184
63.92,5.211024871856799,2.2827669333194747,1,5.102503766281523,0.10852110557527617,5.09274543447311,0.11827943738368951
64.0,5.640472539566009,2.3749679028496384,1,5.4252282821103,0.21524425745570852,5.411476667251886,0.22899587231412255
64.08,7.606237537700659,2.7579408147566653,1,7.403205236490266,0.20303230121039295,7.3770643706363765,0.2291731670642827
64.16,5.595582457917584,2.365498352972917,1,5.437334265183701,0.15824819273388346,5.426589663381416,0.16899279453616778
64.24000000000001,5.215363167823124,2.2837169631596477,1,5.159122451362943,0.056240716460181694,5.149374723350361,0.06598844447276342
64.32,5.2182545072409585,2.2843499091078314,1,5.267182273022497,-0.04892776578153857,5.256919754250821,-0.03866524700986229
64.4,6.453228464319,2.540320543616297,1,6.334481519810282,0.11874694450871814,6.3203922206784515,0.1328362436405488
64.48,18.04346147626561,4.2477595831527015,1,17.69747021487868,0.3459912613869278,17.67822802919263,0.36523344707297767
64.56,17.0651892030943,4.13100341359025,1,16.102772887184486,0.9624163159098131,16.079150237872067,0.9860389652222317
64.64,28.36292568283357,5.325685466006566,1,29.35800381308546,-0.9950781302518905,29.309116197401405,-0.9461905145678351
64.72,7.280726927108082,2.6982822178393575,1,7.543838373218329,-0.26311144611024684,7.526260959775401,-0.24553403266731877
64.80000000000001,6.135358445324365,2.4769655720910544,1,6.397970375888816,-0.262611930564451,6.388498997601108,-0.2531405522767427
64.88,18.571750510945357,4.30949538936351,1,18.551534511686246,0.020215999259111328,18.560956375669758,0.01079413527559936
64.96000000000001,10.872340351544148,3.2973232100514727,1,10.797748318822627,0.0745920327215206,10.767683075677976,0.10465727586617213
65.03999999999999,5.294318320628995,2.300938573849592,1,5.35101264858327,-0.05669432795427465,5.34050284386598,-0.04618452323698463
65.12,5.226824042598041,2.286224845153696,1,5.154439463800215,0.07238457879782612,5.145216327289654,0.08160771530838762
65.2,5.228000002086188,2.2864820143806486,1,5.1076298682733645,0.12037013381282335,5.098732546291316,0.12926745579487164
65.28,5.22928034962608,2.286761979224353,1,5.1134067734836615,0.11587357614241878,5.104631600837918,0.12464874878816268
65.36,5.331061353902775,2.308909126384747,1,5.241512386863942,0.08954896703883275,5.233490946201434,0.0975704077013404
65.44,8.857936649538495,2.9762285949735943,1,8.31809286602213,0.5398437835163641,8.331581899180687,0.5263547503578074
65.52000000000001,8.990774466503494,2.9984620168518883,1,9.585106755205135,-0.5943322887016418,9.564081940236512,-0.5733074737330188
65.6,5.6204986068466045,2.370759078195548,1,5.598810508741289,0.021688098105315134,5.589001545956053,0.031497060890551154
65.68,6.862919334946422,2.61971741509393,1,6.960982359433389,-0.09806302448696691,6.961523419698098,-0.09860408475167581
65.75999999999999,5.515498994348807,2.348509951937357,1,5.702005519786522,-0.18650652543771518,5.693370237580128,-0.17787124323132097
65.84,6.348218677729156,2.5195671607895584,1,6.558790414936383,-0.21057173720722755,6.5457136489053065,-0.1974949711761509
65.92,26.885678784471263,5.185140189471377,1,25.13198685566988,1.7536919288013841,25.12620104081092,1.7594777436603444
66.0,30.326271687408877,5.506929424589431,1,28.924576979561518,1.4016947078473585,28.985566814924038,1.3407048724848387
66.08,15.558618056355051,3.9444414124632465,1,15.933379269711748,-0.3747612133566971,15.916711782668935,-0.3580937263138839
66.16,5.4657894130817795,2.337902780930332,1,5.837593283841686,-0.37180387075990673,5.82513882481997,-0.3593494117381901
66.24000000000001,6.378336202651164,2.5255368147487305,1,6.303217792497691,0.07511841015347365,6.286717003796445,0.09161919885471903
66.32,13.249232060182337,3.6399494584653693,1,13.00272575518633,0.24650630499600723,12.972879847857403,0.2763522123249338
66.4,6.869844693743352,2.6210388577324357,1,6.779547558052029,0.09029713569132358,6.769537580625202,0.10030711311815033
66.48,5.256672943393084,2.2927435406937873,1,5.246011245729117,0.010661697663966407,5.236101191465238,0.02057175192784566
66.56,5.248448871261156,2.290949338431812,1,5.194792942103651,0.05365592915750561,5.184898077895884,0.06355079336527236
66.64,5.297465776220635,2.301622422601204,1,5.2442472058116465,0.0532185704089887,5.2333712759704465,0.0640945002501887
66.72,6.644211308999017,2.577636768243155,1,6.246569133466874,0.39764217553214287,6.218403110375909,0.42580819862310815
66.80000000000001,6.418433595354455,2.533462767706377,1,6.575440370189584,-0.15700677483512937,6.53551015152983,-0.11707655617537505
66.88,5.283302689012079,2.2985436017208984,1,5.669900667589216,-0.38659797857713674,5.655258618418085,-0.3719559294060053
66.96000000000001,6.452792821235111,2.5402347964775047,1,7.056909474897586,-0.6041166536624756,7.035999638216863,-0.5832068169817521
67.03999999999999,32.87192388996062,5.733404214771589,1,30.54333795929259,2.32858593066803,30.469365440911403,2.4025584490492164
67.12,48.826133255715014,6.987569910613776,1,49.79616161057461,-0.9700283548595934,49.589957428390925,-0.7638241726759105
67.2,18.010134116224954,4.243834836115203,1,17.320570435935913,0.6895636802890408,17.319628762467065,0.6905053537578887
67.28,23.25956963433759,4.822817603262391,1,24.229452884175178,-0.9698832498375864,24.158025964547956,-0.8984563302103652
67.36,8.568680414084728,2.927230844003378,1,9.453450650421342,-0.8847702363366139,9.398479130876623,-0.8297987167918954
67.44,8.284892085667515,2.8783488471113983,1,8.003994676981751,0.28089740868576385,8.011231871489294,0.2736602141782214
67.52000000000001,18.521407427519733,4.3036504769230195,1,17.558804940397295,0.9626024871224388,17.529736327452138,0.9916711000675953
67.6,14.785053191210725,3.845133702644256,1,14.765923935901789,0.019129255308936166,14.73369768282097,0.051355508389754334
67.68,8.463737292334248,2.9092502972989878,1,8.461985932383483,0.001751359950764808,8.45812313208956,0.005614160244688193
67.75999999999999,5.922785220668435,2.433677304136363,1,6.0446776450638495,-0.1218924243954147,6.03599086777153,-0.11320564710309533
67.84,5.2717969044656945,2.296039395233822,1,5.223583426748642,0.0482134777170522,5.214135251870917,0.057661652594777735
67.92,5.268800771889924,2.2953868458039755,1,5.16735974146867,0.1014410304212543,5.158135364226151,0.11066540766377297
68.0,5.27000001241198,2.295648059353171,1,5.165651049994947,0.10434896241703306,5.156391307182808,0.1136087052291721
68.08,5.271600419371293,2.2959966070034366,1,5.219758897545557,0.05184152182573598,5.210095267915212,0.06150515145608093
68.16,5.643985155184394,2.375707295772018,1,5.647749533868066,-0.003764378683672298,5.634450949406049,0.009534205778344962
68.24000000000001,15.189406746737022,3.8973589450725505,1,14.128312923506044,1.0610938232309781,14.089066787908855,1.100339958828167
68.32,12.88374026539913,3.5893927432643995,1,13.377069068214805,-0.49332880281567526,13.377803687498293,-0.4940634220991633
68.4,5.4438984618366915,2.333216334126926,1,5.49562222871706,-0.05172376688036895,5.486317458491489,-0.042418996654797425
68.48,5.277306535827241,2.2972388939392525,1,5.206960055155247,0.07034648067199356,5.197707916283581,0.07959861954365977
68.56,5.27840000224774,2.2974768774130765,1,5.168598757320863,0.10980124492687704,5.159466213908284,0.11893378833945611
68.64,5.27962160262446,2.2977427189797512,1,5.186234873532754,0.09338672909170587,5.1769395671741645,0.10268203545029575
68.72,5.324964890222952,2.307588544394982,1,5.287348727449927,0.03761616277302515,5.277423455691357,0.04754143453159454
68.80000000000001,7.878496410270184,2.8068659409152734,1,6.969900058992,0.9085963512781845,6.956151616040184,0.9223447942299998
68.88,9.845008276060863,3.137675616768066,1,10.15248872500668,-0.3074804489458174,10.122263042930303,-0.27725476686944006
68.96000000000001,16.073120190301147,4.009129605076537,1,15.281823579567924,0.7912966107332231,15.248185966167554,0.8249342241335924
69.03999999999999,23.931218998811385,4.891954517246801,1,24.13970645915746,-0.20848746034607402,24.117604918270843,-0.18638591945945748
69.12,6.281625118859918,2.506317042766122,1,6.413726591219804,-0.1321014723598859,6.4016205146026905,-0.11999539574277218
69.2,5.791563409822585,2.4065667266507664,1,5.761189172641922,0.03037423718066279,5.749835457066476,0.04172795275610852
69.28,5.43562105660097,2.3314418407073703,1,5.47102119253249,-0.03540013593151947,5.4602692327213616,-0.024648176120391163
69.36,5.3627002506817165,2.31575047245633,1,5.573742346260798,-0.2110420955790815,5.562016893892324,-0.19931664321060705
69.44,12.383660728857159,3.5190425869627036,1,10.937984029968101,1.4456766988890575,10.901545787686716,1.4821149411704422
69.52000000000001,25.935651805156223,5.092705745000021,1,25.87986672958753,0.05578507556869283,25.872976669167393,0.06267513598882957
69.6,10.322239604771097,3.21282424118891,1,10.552581477475014,-0.23034187270391726,10.563158641635056,-0.24091903686395888
69.68,6.665492891754516,2.5817615869313952,1,7.079209580156426,-0.41371668840190967,7.066158987078502,-0.4006660953239862
69.75999999999999,5.312670864589931,2.3049231797589114,1,5.39467566055519,-0.08200479596525945,5.385009472303821,-0.07233860771389011
69.84,5.4908790937117296,2.3432624892896077,1,5.542266621813804,-0.05138752810207414,5.532377279072764,-0.04149818536103478
69.92,11.451063734270303,3.3839420406192393,1,10.463440073522378,0.987623660747925,10.46355881827644,0.9875049159938634
70.0,10.93149474899667,3.306281105562059,1,10.836432766623297,0.09506198237337316,10.85440929773483,0.07708545126184063
70.08,5.449432605941269,2.334401980366978,1,5.56936592922122,-0.11993332327995088,5.5605570343912305,-0.11112442844996107
70.16,5.316935763844444,2.3058481658262853,1,5.529289911726998,-0.21235414788255458,5.518758934901691,-0.20182317105724756
70.24000000000001,8.881459734547228,2.9801778025056205,1,7.895973066845887,0.9854866677013412,7.884933291197278,0.9965264433499499
70.32,30.851638229699024,5.554425103437711,1,28.811195734171626,2.0404424955273974,28.779579418303953,2.0720588113950704
70.4,11.085115372126396,3.329431689061422,1,12.450326666170998,-1.3652112940446024,12.406016535360333,-1.3209011632339376
70.48,5.663449476121971,2.379800301731633,1,5.987777866509359,-0.3243283903873877,5.974189688933788,-0.3107402128118171
70.56,5.314013735627386,2.305214466297526,1,5.455161788910612,-0.1411480532832261,5.4441312847399645,-0.13011754911257878
70.64,5.36754953951437,2.316797259044125,1,5.593164911812702,-0.22561537229833117,5.581240365855245,-0.21369082634087455
70.72,11.688775522836039,3.4188851286400426,1,10.010545455272236,1.6782300675638027,9.987660891884099,1.70111463095194
70.80000000000001,27.923006315884198,5.284222394627633,1,26.497042160470265,1.4259641554139328,26.419355999727323,1.5036503161568753
70.88,8.19931857947525,2.8634452289986707,1,8.950753170935435,-0.7514345914601854,8.925320788843852,-0.7260022093686018
70.96000000000001,5.405858554665897,2.3250502262673587,1,5.6211746222321075,-0.2153160675662109,5.6091535408518105,-0.2032949861859139
71.03999999999999,7.8367443493389715,2.7994185734432375,1,7.446611106419073,0.39013324291989804,7.433146154928977,0.40359819440999445
71.12,7.877739778096226,2.8067311552936856,1,8.108949578997972,-0.23120980090174648,8.085959676429727,-0.20821989833350152
71.2,6.9150552269575725,2.6296492593039043,1,6.88392215763078,0.031133069326792828,6.864437025793396,0.050618201164176035
71.28,18.1011110709787,4.254540053986882,1,17.227420097482714,0.8736909734959859,17.188077274822284,0.9130337961564159
71.36,10.77976593303303,3.283255386507883,1,10.945410820632597,-0.16564488759956753,10.9253134738099,-0.14554754077687093
71.44,5.39712114747258,2.323170494706013,1,5.500676646873401,-0.1035554994008212,5.489867022019585,-0.09274587454700445
71.52000000000001,5.359421095052426,2.3150423527556523,1,5.352738585434862,0.006682509617563781,5.342501991582903,0.016919103469522412
71.6,7.165869428831803,2.676914161648035,1,6.509752715278244,0.6561167135535584,6.494545401354771,0.6713240274770316
71.68,7.9919555561098194,2.827004696867308,1,7.843506994886019,0.1484485612238,7.8291338767634,0.16282167934641922
71.75999999999999,5.91045329154896,2.431142384055068,1,6.005896128667222,-0.09544283711826207,5.992250231945988,-0.08179694039702845
71.84,15.823893234060321,3.9779257451667345,1,14.291187232604145,1.5327060014561766,14.262167204580045,1.5617260294802762
71.92,14.62424527238284,3.824165957745929,1,14.446872155346055,0.17737311703678493,14.433174158557614,0.19107111382522568
72.0,7.128543313697869,2.669933203976809,1,7.190710474513373,-0.062167160815503664,7.177301030475721,-0.048757716777852345
72.08,9.7296446604342,3.1192378332589836,1,9.881091113674202,-0.15144645324000194,9.866248012921083,-0.13660335248688327
72.16,8.31086986342834,2.8828579332718323,1,8.65076379038255,-0.3398939269542094,8.628769039376174,-0.3178991759478329
72.24000000000001,5.4074752793643945,2.3253978754966633,1,5.3716347326068705,0.03584054675752402,5.3614636060137375,0.046011673350657034
72.32,5.334853109083072,2.309730094422955,1,5.225429263511151,0.10942384557192142,5.216178952724526,0.11867415635854606
72.4,5.336000001098595,2.309978355114739,1,5.210571834513564,0.12542816658503142,5.201395670578107,0.1346043305204887
72.48,5.337200189947821,2.310238124078949,1,5.237398318521652,0.09980187142616881,5.227989262950799,0.10921092699702228
72.56,5.341071827820432,2.3110759026523624,1,5.334152861614356,0.006918966206075794,5.324004079139829,0.01706774868060279
72.64,6.421987657133989,2.5341640943581356,1,6.337723110640538,0.08426454649345061,6.325515623384717,0.09647203374927127
72.72,18.5696570212016,4.309252489841086,1,16.921994860969907,1.6476621602316932,16.874197467620164,1.6954595535814363
72.80000000000001,16.563802969876214,4.069865227483119,1,15.712136984089604,0.8516659857866102,15.641037802943034,0.9227651669331802
72.88,7.527303552025225,2.743593182675818,1,7.475789813641091,0.0515137383841342,7.462710863574706,0.06459268845051902
72.96000000000001,5.363239315320964,2.3158668604479327,1,5.372815209106921,-0.009575893785957135,5.362741304789774,0.0004980105311904737
73.03999999999999,5.345604755785695,2.3120563911344583,1,5.270460259905248,0.0751444958804468,5.261250147289474,0.08435460849622078
73.12,5.346830472694332,2.3123214466622786,1,5.27525217650742,0.07157829618691203,5.266429859895843,0.08040061279848931
73.2,5.422782711795016,2.328686907206509,1,5.423631952271685,-0.000849240476669344,5.415627152951989,0.007155558843026988
73.28,10.626581354726412,3.2598437623184355,1,9.086129902772335,1.5404514519540768,9.109621659341308,1.5169596953851041
73.36,16.059726745779514,4.00745888884459,1,16.425842603559964,-0.36611585778044997,16.441424148231995,-0.38169740245248107
73.44,5.976531307642838,2.4446945223571057,1,6.213458774084816,-0.23692746644197804,6.199863989513158,-0.2233326818703203
73.52000000000001,5.353848645790179,2.313838509012714,1,5.296582724773397,0.05726592101678207,5.287604295267674,0.06624435052250455
73.6,5.354000050600146,2.313871226019319,1,5.226864783949126,0.12713526665102037,5.2180433627280856,0.13595668787206083
73.68,5.3552000000001385,2.3141305062593465,1,5.212520331924547,0.14267966807559151,5.203625616259172,0.1515743837409662
73.75999999999999,5.356400044321088,2.3143897779589953,1,5.2276701477975225,0.12872989652356548,5.218530991468542,0.1378690528525457
73.84,5.358430352326525,2.3148283634702866,1,5.284951119273961,0.07347923305256376,5.275232251958019,0.08319810036850583
73.92,5.806158098101715,2.409597082107653,1,5.769770980162287,0.03638711793942839,5.758848341813742,0.04730975628797296
74.0,12.29093835785006,3.5058434588341303,1,11.70840932481783,0.5825290330322304,11.666390196760563,0.6245481610894963
74.08,8.536501222931546,2.9217291494817834,1,8.945500351708938,-0.408999128777392,8.88735171055524,-0.35085048762369375
74.16,10.38707375593399,3.2228983471301094,1,9.418921863359905,0.9681518925740846,9.393716780504011,0.9933569754299789
74.24000000000001,13.540968086340472,3.679805441370572,1,13.752808423254768,-0.21184033691429605,13.723486610107138,-0.18251852376666555
74.32,5.906295810473493,2.430287186830703,1,6.201756505282116,-0.29546069480862336,6.188959535462793,-0.28266372498930004
74.4,9.885635077744332,3.144142979850683,1,9.053672924587696,0.8319621531566366,9.042037486334095,0.8435975914102372
74.48,17.038709985753698,4.127797231666509,1,15.612079094117366,1.4266308916363322,15.600166034269025,1.4385439514846734
74.56,9.617109774153533,3.101146525747136,1,10.546586285719016,-0.9294765115654826,10.518339081596757,-0.9012293074432236
74.64,5.427519968308821,2.329703837037837,1,5.642114747129797,-0.21459477882097655,5.630856265167925,-0.2033362968591037
74.72,5.383739350739928,2.3202886352219045,1,5.573704802885467,-0.18996545214553873,5.563699047405647,-0.1799596966657191
74.80000000000001,7.5059522653476005,2.739699301994217,1,7.468974429775691,0.0369778355719097,7.4631589556542,0.04279330969340034
74.88,23.064273890102044,4.802527864583614,1,20.374495416773666,2.689778473328378,20.39757173565068,2.6667021544513645
74.96000000000001,17.708789173184165,4.208181219147313,1,19.079738292374593,-1.3709491191904277,19.049524617085698,-1.3407354439015329
75.03999999999999,5.766636357177578,2.401382176409573,1,6.236374121637253,-0.4697377644596745,6.218718804074687,-0.4520824468971085
75.12,5.377181516252127,2.3188750540406713,1,5.406159876703225,-0.028978360451098695,5.396497609203058,-0.019316092950931285
75.2,5.3780000121950975,2.3190515328890595,1,5.296991770482322,0.08100824171277576,5.287945372911548,0.09005463928354906
75.28,5.379246484271704,2.319320263411611,1,5.261671584121192,0.11757490015051175,5.2528064898620475,0.12643999440965636
75.36,5.424402192805837,2.329034605325957,1,5.302290245622592,0.12211194718324503,5.293290264972754,0.131111927833083
75.44,6.580439613720562,2.5652367558805484,1,6.295613827186177,0.28482578653438484,6.285990500616957,0.2944491131036049
75.52000000000001,6.434382549344571,2.5366084737981485,1,6.358957753863027,0.07542479548154368,6.349989959200059,0.08439259014451217
75.6,5.745748196765456,2.397029035444806,1,5.70906449018277,0.036683706582686604,5.702683374423559,0.04306482234189701
75.68,5.414468357397104,2.3269010201117504,1,5.342739287144628,0.07172907025247621,5.334136139899875,0.08033221749722941
75.75999999999999,5.386510959982922,2.320885813645928,1,5.365466040597598,0.021044919385324157,5.35621398783298,0.03029697214994176
75.84,5.477436852558969,2.340392456952246,1,5.624601390150789,-0.14716453759182002,5.614444772807783,-0.1370079202488137
75.92,12.330755874159255,3.5115176027124306,1,10.659653310438387,1.6711025637208685,10.660139740444022,1.6706161337152334
76.0,23.84931112239197,4.8835756492955005,1,23.349303310092548,0.5000078122994225,23.349857394899043,0.49945372749292716
76.08,8.306731458733388,2.882140083121115,1,8.656921478634132,-0.3501900199007437,8.62652992045195,-0.3197984617185625
76.16,12.07316572232965,3.474646129079859,1,11.608081700959989,0.46508402136966076,11.549481729195685,0.5236839931339645
76.24000000000001,6.4631641336900385,2.5422753851009214,1,6.973040367367549,-0.5098762336775104,6.936744025417996,-0.4735798917279572
76.32,6.656039527751601,2.579930140091317,1,6.388286311685647,0.26775321606595437,6.376318915505419,0.27972061224618194
76.4,6.253424279574775,2.5006847621351187,1,6.2220155552959255,0.03140872427884922,6.210340830882094,0.04308344869268055
76.48,7.975681206304989,2.824124856713136,1,7.2374164295350125,0.7382647767699764,7.2147556579566405,0.7609255483483484
76.56,9.259080585263245,3.0428737379758704,1,9.268736529554062,-0.00965594429081662,9.241706029088789,0.017374556174456046
76.64,5.821676354453611,2.412815026986862,1,5.9020686356704966,-0.08039228121688513,5.892431134189399,-0.07075477973578792
76.72,5.808373641764047,2.410056771481545,1,5.639993284281316,0.1683803574827305,5.638929956093777,0.16944368567027013
76.80000000000001,5.958015908500471,2.4409047315494456,1,5.889097331267614,0.0689185772328571,5.890364776423949,0.06765113207652185
76.88,5.511766383454586,2.347715141037044,1,5.5673932503776395,-0.05562686692305352,5.559613653502254,-0.047847270047667756
76.96000000000001,10.925029225173613,3.3053031971626465,1,9.524986969549794,1.40004225562382,9.540892104048144,1.3841371211254696
77.03999999999999,15.580869372286951,3.9472609962209178,1,15.72610901344115,-0.1452396411541983,15.760135420827941,-0.17926604854099004
77.12,5.946101614832108,2.4384629615460858,1,6.239113608068122,-0.29301199323601335,6.231153104227879,-0.2850514893957703
77.2,5.408821947253216,2.3256874139172736,1,5.42125181527122,-0.012429868018004164,5.4123113894041515,-0.0034894421509354956
77.28,5.409200124509834,2.3257687168998196,1,5.396628643362909,0.012571481146924413,5.387390131631263,0.02180999287857066
77.36,5.412180322731161,2.326409319687995,1,5.4922957218936,-0.08011539916243926,5.482311430182273,-0.07013110745111195
77.44,6.441621640933246,2.5380349960024677,1,6.6019467874645485,-0.16032514653130292,6.589539728249597,-0.14791808731635125
77.52000000000001,22.549231294498238,4.748603088751285,1,20.118475633484454,2.4307556610137837,20.09139243814115,2.457838856357089
77.6,13.612244020537366,3.6894774725613066,1,13.893901178667047,-0.28165715812968095,13.854134060745809,-0.2418900402084425
77.68,5.527984124471107,2.351166545455916,1,5.803092610643423,-0.2751084861723161,5.790691113256929,-0.26270698878582177
77.75999999999999,5.416992416580382,2.3274433218835604,1,5.537714912833507,-0.12072249625312459,5.527142542516316,-0.11015012593593365
77.84,5.824871039280685,2.4134769605862587,1,5.992709287939004,-0.16783824865831853,5.982576502595304,-0.15770546331461865
77.92,16.072338983772926,4.009032175447452,1,14.068711346680544,2.0036276370923822,14.053800181787647,2.0185388019852795
78.0,13.56134305155425,3.6825728847579176,1,12.92919457187519,0.63214847967906,12.869542463398929,0.6918005881553206
78.08,5.600515520939982,2.3665408344121137,1,5.742391610062445,-0.1418760891224622,5.72876495845172,-0.12824943751173734
78.16,5.520478542758982,2.3495698633492434,1,5.498737568614151,0.02174097414483178,5.489773315886547,0.03070522687243571
78.24000000000001,6.809586485169646,2.6095184393235558,1,6.431775955888078,0.3778105292815681,6.429322733662184,0.38026375150746183
78.32,7.642281152453551,2.7644676074162184,1,7.290428768522282,0.35185238393126905,7.279009900007857,0.3632712524456938
78.4,6.372406147151453,2.5243625229256303,1,6.289106323240663,0.0832998239107896,6.275675537938952,0.09673060921250087
78.48,5.7536442351640495,2.3986755168559273,1,5.782527355006058,-0.028883119842008753,5.772192564276072,-0.01854832911202209
78.56,8.005073387709997,2.8293238393139086,1,7.727388179457398,0.2776852082525991,7.709445800269496,0.2956275874405012
78.64,10.575783674734,3.252043000136068,1,10.602209118187563,-0.026425443453563346,10.581156067972032,-0.005372393238031847
78.72,6.241776769517344,2.498354812575136,1,6.396196613262609,-0.15441984374526552,6.384057869758246,-0.14228110024090235
78.80000000000001,5.443393670548022,2.3331081566331258,1,5.483661361471364,-0.040267690923341704,5.473064587839803,-0.029670917291781507
78.88,6.47630236369725,2.544858024271148,1,6.111085746123197,0.36521661757405255,6.09678324594544,0.37951911775180935
78.96000000000001,10.452324451671304,3.233005482777798,1,9.870524453490482,0.5817999981808217,9.825478519388664,0.6268459322826399
79.03999999999999,12.79111305404346,3.5764665598944805,1,10.80344873937392,1.9876643146695407,10.779139484652413,2.0119735693910474
79.12,12.967577953091844,3.601052339676812,1,13.932062980992463,-0.9644850279006185,13.862777600455836,-0.8951996473639916
79.2,5.680966863824169,2.3834778924555122,1,6.16164918294215,-0.48068231911798076,6.14200709954441,-0.46104023572024033
79.28,5.465882216182016,2.337922628356639,1,5.720279580522683,-0.25439736434066695,5.7077225478534,-0.2418403316713844
79.36,8.382895922192082,2.895323111880966,1,8.044126566122461,0.338769356069621,8.024233457660173,0.35866246453190875
79.44,22.061854831720108,4.697004878826517,1,20.632631866641077,1.4292229650790311,20.569008360250997,1.492846471469111
79.52000000000001,16.366952795677612,4.045609075983196,1,16.70757431535245,-0.340621519674837,16.671469878919638,-0.3045170832420254
79.6,6.090897689500359,2.4679744102199193,1,6.5174117626554455,-0.4265140731550865,6.50667000412041,-0.4157723146200514
79.68,5.4467646077858,2.333830458235088,1,5.5728027645904765,-0.12603815680467623,5.562147509026423,-0.11538290124062289
79.75999999999999,5.521506190284196,2.3497885416105415,1,5.60773342548637,-0.08622723520217423,5.597032131191352,-0.07552594090715559
79.84,8.259788716222285,2.873984814890692,1,7.769780571083721,0.4900081451385647,7.756308355806983,0.5034803604153026
79.92,10.194056974358528,3.192813332213227,1,9.655796909634581,0.5382600647239464,9.640552359897065,0.5535046144614633
80.0,11.643002879887868,3.4121844733085385,1,11.18803809977721,0.4549647801106591,11.14665245434647,0.4963504255413991
80.08,6.063490165337149,2.4624155143551927,1,6.406594779066799,-0.3431046137296496,6.385472057354833,-0.3219818920176838
80.16,5.454166636757214,2.335415731033174,1,5.514465266058036,-0.060298629300822526,5.5039730888908425,-0.049806452133628554
80.24000000000001,5.453600401231425,2.3352944998931986,1,5.519077930117895,-0.06547752888647018,5.508957882827506,-0.055357481596081115
80.32,5.4568856727436055,2.335997789541678,1,5.6338460620694,-0.17696038932579494,5.6233531185130445,-0.16646744576943906
80.4,5.962844985733267,2.4418937294102845,1,6.320837976394804,-0.3579929906615371,6.311129950896978,-0.3482849651637112
80.48,11.34964081838072,3.3689227979252836,1,11.042987234454841,0.30665358392587905,11.036836324841836,0.3128044935388843
80.56,26.830773916328106,5.17984303973857,1,24.996769497222342,1.8340044191057636,24.971106135748997,1.8596677805791089
80.64,51.19161298446164,7.154831443469625,1,47.98987818435775,3.2017348001038926,47.90803372748495,3.2835792569766937
80.72,14.226926988051058,3.7718598844669535,1,15.989881298728537,-1.762954310677479,15.966093789045154,-1.739166800994095
80.80000000000001,6.0888836853002735,2.467566348712892,1,6.69143304939006,-0.6025493640897865,6.67587697357833,-0.5869932882780562
80.88,5.4706433062815805,2.3389406376138706,1,5.708293078690887,-0.23764977240930651,5.697264665359079,-0.22662135907749814
80.96000000000001,5.464402715969871,2.337606193517178,1,5.534607222535087,-0.07020450656521593,5.524587490734497,-0.06018477476462625
81.03999999999999,5.465602106567415,2.337862721925181,1,5.480987474448437,-0.01538536788102185,5.471214869306587,-0.005612762739172439
81.12,5.478300429950974,2.340576943821966,1,5.524421340735097,-0.04612091078412295,5.514290665482299,-0.03599023553132508
81.2,7.273448459026719,2.6969331580568916,1,7.013913817947948,0.2595346410787709,6.99939280454326,0.27405565448345914
81.28,13.61966778194478,3.690483407623557,1,13.162104082708233,0.45756369923654816,13.130624192603417,0.4890435893413638
81.36,6.5284505013903775,2.5550832670170216,1,6.89135590661234,-0.36290540522196224,6.875505151590117,-0.34705465019973936
81.44,5.475549632445146,2.3399892376772047,1,5.478081103392773,-0.002531470947626957,5.468132009448109,0.007417622997037299
81.52000000000001,5.472800449472054,2.3394017289623545,1,5.4215524298199655,0.05124801965208814,5.4119844181860906,0.060816031285963135
81.6,5.4744977605373055,2.3397644668934747,1,5.4482380751349515,0.026259685402354016,5.438424742838805,0.036073017698500465
81.68,5.754619664289081,2.3988788348495387,1,5.794942377931051,-0.040322713641970154,5.784178484912,-0.02955882062291959
81.75999999999999,10.068177336494973,3.1730391325186917,1,9.487741498338249,0.5804358381567241,9.460347164119495,0.6078301723754773
81.84,11.369877841390457,3.3719249459901173,1,11.39893921954086,-0.029061378150403883,11.347165305749975,0.02271253564048159
81.92,16.998286448603785,4.122897821751564,1,16.004124193734725,0.9941622548690603,15.980551042804493,1.017735405799293
82.0,8.301454380811382,2.8812244585959252,1,8.883764920015544,-0.5823105392041619,8.863610822250033,-0.5621564414386508
