candidate,parameter_path,value
reference motif,scale,0.0012297974490120555
reference motif,background_coefficients[0],4.615094238575414
reference motif,background_coefficients[1],0.7419199703163084
reference motif,zero_shift,0.0
reference motif,profile_model,"""TCH split pseudo-Voigt"""
reference motif,gaussian_u,0.003754860483654912
reference motif,gaussian_v,0.0004802301886176899
reference motif,gaussian_w,0.0065664633779561644
reference motif,lorentzian_x,0.006346707820830984
reference motif,lorentzian_y,0.006485176277840893
reference motif,axial_asymmetry,0.03790913606046793
reference motif,specimen_displacement_mm,0.0
reference motif,goniometer_radius_mm,null
reference motif,lattice[0][0],4.773326862202136
reference motif,lattice[0][1],0.00010328708207835471
reference motif,lattice[0][2],0.5017638896587608
reference motif,lattice[1][0],1.479215275113713
reference motif,lattice[1][1],5.089882516919196
reference motif,lattice[1][2],1.0302844580195722
reference motif,lattice[2][0],6.416651653515755e-05
reference motif,lattice[2][1],-6.572555780335804e-05
reference motif,lattice[2][2],6.199726424220079
reference motif,cell_parameters.a,4.79962668809296
reference motif,cell_parameters.b,5.399672946633538
reference motif,cell_parameters.c,6.199726424900527
reference motif,cell_parameters.alpha,79.00065249090515
reference motif,cell_parameters.beta,83.99861133623223
reference motif,cell_parameters.gamma,72.99760261669073
reference motif,lattice_parameterization.crystal_system,"""triclinic"""
reference motif,lattice_parameterization.mode_labels[0],"""triclinic.metric_mode_1"""
reference motif,lattice_parameterization.mode_labels[1],"""triclinic.metric_mode_2"""
reference motif,lattice_parameterization.mode_labels[2],"""triclinic.metric_mode_3"""
reference motif,lattice_parameterization.mode_labels[3],"""triclinic.metric_mode_4"""
reference motif,lattice_parameterization.mode_labels[4],"""triclinic.metric_mode_5"""
reference motif,lattice_parameterization.mode_labels[5],"""triclinic.metric_mode_6"""
reference motif,lattice_parameterization.log_strain_coordinates[0],0.0005230661141610527
reference motif,lattice_parameterization.log_strain_coordinates[1],-0.0022740692464586452
reference motif,lattice_parameterization.log_strain_coordinates[2],0.0021532822013097005
reference motif,lattice_parameterization.log_strain_coordinates[3],-0.0072965877204262345
reference motif,lattice_parameterization.log_strain_coordinates[4],-0.008034577347300361
reference motif,lattice_parameterization.log_strain_coordinates[5],-0.004412620909497676
reference motif,coordinate_displacements[0],0.0013047313808520259
reference motif,coordinate_displacements[1],-2.6752923678010818e-05
reference motif,coordinate_displacements[2],0.0011870585258712562
reference motif,coordinate_displacements[3],0.0007353126342141095
reference motif,coordinate_displacements[4],0.0005885339810503603
reference motif,coordinate_displacements[5],0.0007607561237240218
reference motif,coordinate_displacements[6],-0.0005400930529759499
reference motif,coordinate_displacements[7],0.0011994724797488219
reference motif,coordinate_displacements[8],0.0010513560350431926
reference motif,coordinate_displacements[9],-0.0020271697879574585
reference motif,coordinate_displacements[10],0.00013692558367694871
reference motif,coordinate_displacements[11],-0.0007703215045817825
reference motif,occupancy_mode,"""fixed"""
reference motif,structural_restraint_mean_chi_squared,0.0
reference motif,fit_objective,"""gaussian"""
reference motif,mean_poisson_deviance,null
oxygen-shift candidate,scale,0.0012303287974119413
oxygen-shift candidate,background_coefficients[0],4.606687131958388
oxygen-shift candidate,background_coefficients[1],0.7360653468914641
oxygen-shift candidate,zero_shift,0.0
oxygen-shift candidate,profile_model,"""TCH split pseudo-Voigt"""
oxygen-shift candidate,gaussian_u,0.003754801763405114
oxygen-shift candidate,gaussian_v,0.000503077811502125
oxygen-shift candidate,gaussian_w,0.006604601474614128
oxygen-shift candidate,lorentzian_x,0.00631974321735478
oxygen-shift candidate,lorentzian_y,0.006466392002570506
oxygen-shift candidate,axial_asymmetry,0.03661068900484259
oxygen-shift candidate,specimen_displacement_mm,0.0
oxygen-shift candidate,goniometer_radius_mm,null
oxygen-shift candidate,lattice[0][0],4.773330854537054
oxygen-shift candidate,lattice[0][1],0.00010587583836988156
oxygen-shift candidate,lattice[0][2],0.5017632884236949
oxygen-shift candidate,lattice[1][0],1.4792191524556133
oxygen-shift candidate,lattice[1][1],5.089901341982899
oxygen-shift candidate,lattice[1][2],1.0302843664116792
oxygen-shift candidate,lattice[2][0],6.311913484675705e-05
oxygen-shift candidate,lattice[2][1],-6.604604314490563e-05
oxygen-shift candidate,lattice[2][2],6.199728959880894
oxygen-shift candidate,cell_parameters.a,4.799630595753687
oxygen-shift candidate,cell_parameters.b,5.399691736366358
oxygen-shift candidate,cell_parameters.c,6.199728960553997
oxygen-shift candidate,cell_parameters.alpha,79.0006977806423
oxygen-shift candidate,cell_parameters.beta,83.99863313677145
oxygen-shift candidate,cell_parameters.gamma,72.99759247771222
oxygen-shift candidate,lattice_parameterization.crystal_system,"""triclinic"""
oxygen-shift candidate,lattice_parameterization.mode_labels[0],"""triclinic.metric_mode_1"""
oxygen-shift candidate,lattice_parameterization.mode_labels[1],"""triclinic.metric_mode_2"""
oxygen-shift candidate,lattice_parameterization.mode_labels[2],"""triclinic.metric_mode_3"""
oxygen-shift candidate,lattice_parameterization.mode_labels[3],"""triclinic.metric_mode_4"""
oxygen-shift candidate,lattice_parameterization.mode_labels[4],"""triclinic.metric_mode_5"""
oxygen-shift candidate,lattice_parameterization.mode_labels[5],"""triclinic.metric_mode_6"""
oxygen-shift candidate,lattice_parameterization.log_strain_coordinates[0],0.0005599135155905751
oxygen-shift candidate,lattice_parameterization.log_strain_coordinates[1],-0.002398531927309793
oxygen-shift candidate,lattice_parameterization.log_strain_coordinates[2],0.0021133237218136734
oxygen-shift candidate,lattice_parameterization.log_strain_coordinates[3],-0.0069586758665889075
oxygen-shift candidate,lattice_parameterization.log_strain_coordinates[4],-0.007949131035305219
oxygen-shift candidate,lattice_parameterization.log_strain_coordinates[5],-0.004371721239553376
oxygen-shift candidate,coordinate_displacements[0],0.009110140431055031
oxygen-shift candidate,coordinate_displacements[1],-0.0036653452802005563
oxygen-shift candidate,coordinate_displacements[2],0.0005658311964742202
oxygen-shift candidate,coordinate_displacements[3],0.008438368107064498
oxygen-shift candidate,coordinate_displacements[4],-0.002668715880829688
oxygen-shift candidate,coordinate_displacements[5],0.00026816547361041386
oxygen-shift candidate,coordinate_displacements[6],-0.011006425486316532
oxygen-shift candidate,coordinate_displacements[7],-0.0020100714789939513
oxygen-shift candidate,coordinate_displacements[8],0.00048315210873074656
oxygen-shift candidate,coordinate_displacements[9],0.00612549532513442
oxygen-shift candidate,coordinate_displacements[10],0.008661797387831583
oxygen-shift candidate,coordinate_displacements[11],-0.009010116476342386
oxygen-shift candidate,occupancy_mode,"""fixed"""
oxygen-shift candidate,structural_restraint_mean_chi_squared,0.0
oxygen-shift candidate,fit_objective,"""gaussian"""
oxygen-shift candidate,mean_poisson_deviance,null
